n,id,2020-05-23,2020-05-24
1,104,NA,Bodega Pizza
1,227,NA,107 West
1,293,NA,FRI ITZ
1,395,NA,Ravagh
1,405,NA,Nica Trattoria
1,406,NA,The Simone
1,475,NA,Kochi
1,477,NA,Ñaño Ecuadorian Kitchen
1,524,NA,The Counter - Temporarily Closed
1,528,NA,Utsav
1,529,NA,Friedman's Kitchen + Bar
1,532,NA,Dallas BBQ
1,535,NA,The View Restaurant & Lounge
1,538,NA,"Buca di Beppo Italian Restaurant | Open for Pick Up, Curbside or Delivery"
1,539,NA,Playwright
1,540,NA,BXL Cafe
1,570,NA,Aquavit
1,589,NA,The Halal Guys
1,659,NA,Tenho Ramen
1,660,NA,Tacos Grand Central
1,720,NA,TAO Downtown Restaurant
1,780,NA,La Pizza Fresca Ristorante
1,927,NA,Brodo - East Village
1,947,NA,Auriga Café
1,1079,NA,Villa Mosconi
1,1115,NA,Crepes n things
1,1379,NA,"TRAMEZZINI NYC, Sandwiches of Venice & Italian Eatery"
1,1413,NA,La Bella Vita
1,1431,NA,Taiyaki NYC
1,1534,NA,XO Kitchen Restaurant食坊
1,1619,NA,Go! Go! Curry World Trade Center
1,1673,NA,Noodle Q
1,1740,NA,The Oyster House at Pier A
1,1917,Fresco's Pizzeria,NA
1,2040,Ferris Booth Commons,NA
1,2070,Sidewalk Tacos,NA
1,2181,Sushi jin,NA
1,2215,The Drunken Munkey - UES,NA
1,2220,Maison Bangkok,NA
1,2269,Ponche Taqueria,NA
1,2279,La Bergamote,NA
1,2280,The Landmark Tavern,NA
1,2318,Natsumi,NA
1,2321,Aldo Sohm Wine Bar,NA
1,2325,db Bistro Moderne,NA
1,2327,Ruth's Chris Steak House,NA
1,2331,Ted's Montana Grill,NA
1,2337,The Mean Fiddler,NA
1,2338,Kodama Sushi,NA
1,2430,Scotty's Diner,NA
1,2458,Sai Gon Dep,NA
1,2515,Omai,NA
1,2577,SERRA by Birreria,NA
1,2727,Mokyo,NA
1,2760,Borrachito,NA
1,2879,Cuba,NA
1,2940,Zero Bond,NA
1,3141,Hana,NA
1,3213,Little Italy,NA
1,3334,XO Kitchen Restaurant,NA
1,3343,Tofu Tofu,NA
1,3407,Wok Wok,NA
1,3415,Centre Melts,NA
1,3418,New Fresco Tortillas,NA
1,3426,Cheong Fun Cart on Rutgers,NA
1,3480,iM Star Cafe,NA
1,3540,Fuku at Brookfield Place,NA
1,3599,MarkJoseph Steakhouse,NA
1,3600,Route 66 Smokehouse,NA
2,1,NA,Seawalk
2,2,NA,Guadalupe Restaurant
2,3,NA,Beans and Vines
2,4,NA,RAICES RESTAURANT
2,5,NA,Unique
2,6,NA,Tryon Public House
2,7,NA,Taqueria Emilio
2,8,NA,Indian Road Cafe
2,9,NA,Brown Sugar Bar & Restaurant
2,10,NA,Cañave
2,11,NA,Tannat
2,12,NA,Garden Café
2,13,NA,Mamajuana Cafe
2,14,NA,Il Sole
2,15,NA,The Hudson
2,16,NA,Pizza Palace
2,17,NA,Bocaditos Bistro
2,18,NA,Pat'e Palo Bar & Grill
2,19,NA,The Park View
2,20,NA,Papasito
2,21,NA,Mamasushi
2,22,NA,Inwood Bar & Grill
2,23,NA,Dyckman Express
2,24,NA,Grandpa's Brick Oven Pizza
2,25,NA,Cachapas y Mas
2,26,NA,Burgos Restaurant cafe
2,27,NA,Boca Chica Seafood
2,28,NA,Luxor NY
2,29,NA,Lina Restaurant
2,30,NA,Galicia Tapas
2,31,NA,Pick and Eat
2,33,NA,La Lomita
2,34,NA,Patacon Pisao Truck
2,35,NA,La Nueva España
2,36,NA,Capitol Diner
2,37,NA,Dyckman Dogs
2,38,NA,Lotus Express
2,39,NA,Yummy Thai
2,40,NA,Fresh Tortillas
2,41,NA,Pop & Pour
2,42,NA,Genesis Restaurante Ecuatoriano
2,43,NA,Cachapas y Mas Express
2,44,NA,Stop 809
2,45,NA,El nuevo valle seafood Restaurant
2,46,NA,La Essencia Restaurant
2,47,NA,Jimbos Hamburger Palace
2,48,NA,International Food House
2,49,NA,Elsa La Reina del Chicharron
2,50,NA,El Nuevo Sabor
2,51,NA,Enjoy Kitchen & Bar NYC
2,52,NA,Junior's Tacos
2,53,NA,Noel's Pizza
2,54,NA,Sushi Mambo
2,55,NA,"Tenth Avenue | Rooftop Bar, Eatery and Pizzeria"
2,56,NA,Roof top Republica
2,57,NA,Cocina Taller
2,58,NA,Hang Lee
2,59,NA,Albert's Mofongo
2,60,NA,Cocina Latina
2,61,NA,Saggio
2,62,NA,Le Chéile
2,63,NA,The Pandering Pig
2,64,NA,Malecon
2,65,NA,Grito
2,66,NA,Manolo Tapas
2,67,NA,Terravita NYC
2,68,NA,Las Palmas
2,69,NA,Coogans
2,70,NA,Burger Heights
2,71,NA,Fort Washington Public House
2,72,NA,Tampopo Ramen
2,73,NA,La Barca Restaurant
2,74,NA,Blue Mountain Heights
2,75,NA,Zoe Restaurant Bar & Lounge
2,77,NA,Pocion Lounge
2,78,NA,181 Cabrini
2,79,NA,Sapito's Sports Cantina
2,80,NA,Aquamarina
2,81,NA,SUROSS Thai Bistro
2,82,NA,Golan Heights
2,83,NA,Hudson View
2,84,NA,Aladdin Grill and Rice
2,85,NA,Kismat Indian Restaurant
2,86,NA,Refried Beans Mexican Grill
2,87,NA,Dallas BBQ Washington Heights
2,88,NA,BURGERS & GRILL
2,89,NA,Locksmith Bar
2,90,NA,Tasty Deli
2,91,NA,Con Sabor A Mexico
2,92,NA,New San Francisco
2,93,NA,GoGo-Gi
2,94,NA,La Casa Del Mofongo
2,95,NA,Mi Ranchito
2,96,NA,Merienda Snack Bar
2,97,NA,Mambi
2,98,NA,Barrel 79
2,99,NA,Taino
2,100,NA,La Dinastia
2,101,NA,Chop Chop
2,102,NA,El Conde Nuevo
2,103,NA,Lola Lola
2,105,NA,King Garden
2,106,NA,El Paisa
2,107,NA,Marisco Centro
2,108,NA,Halo Bistro Café
2,109,NA,Lulo
2,110,NA,Jaya
2,111,NA,Silver Palace
2,112,NA,Rain II
2,113,NA,Sushi Yu 2
2,114,NA,Altus Cafe
2,115,NA,Jad Jaan Thai Vietnamese Restaurant
2,116,NA,Pick & Eat Fresh Natural Fast
2,117,NA,Tropical
2,118,NA,Junior's Seafood
2,119,NA,Wimpy's
2,120,NA,La CANTINA HEIGHTS
2,121,NA,Sylvia's
2,122,NA,Red Rooster
2,123,NA,Babbalucci
2,124,NA,Melba's
2,125,NA,The Edge Harlem
2,126,NA,Amy Ruth's
2,127,NA,Seasoned Vegan
2,128,NA,Maison Harlem
2,129,NA,Lido Harlem Restaurant
2,130,NA,Clay
2,131,NA,Belle Harlem
2,132,NA,VINATERÍA
2,133,NA,Sottocasa Pizzeria Harlem
2,134,NA,Barawine Harlem
2,135,NA,The Cecil Steakhouse
2,136,NA,BLVD Bistro NY
2,137,NA,Abyssinia
2,138,NA,Harlem Tavern
2,139,NA,Yatenga
2,140,NA,Harlem Shake
2,141,NA,SETTEPANI
2,142,NA,The Grange
2,143,NA,Corner Social
2,144,NA,Ponty Bistro
2,145,NA,Chez Jacob
2,146,NA,Fumo
2,147,NA,Bono Trattoria
2,148,NA,Mo's Burgers
2,149,NA,Il Cafe Latte 1
2,150,NA,Lolo's Seafood Shack
2,151,NA,Tsion Cafe
2,152,NA,La Diagonal Agaveria
2,154,NA,Pikine
2,155,NA,FIELDTRIP
2,157,NA,Sushi Inoue
2,158,NA,Safari restaurant nyc
2,160,NA,Harlem Food Bar
2,161,NA,Renaissance Harlem
2,162,NA,B2 Harlem
2,166,NA,Trufa Restaurant
2,168,NA,Charles' Country Pan Fried Chicken
2,169,NA,Angel of Harlem
2,170,NA,Londel's
2,171,NA,Zoma
2,172,NA,RDV-Rendezvous Harlem
2,173,NA,Home Sweet Harlem
2,174,NA,Harlem Seafood Soul
2,175,NA,Harlem Public
2,176,NA,Jacob
2,177,NA,Row House
2,178,NA,La Lonchera
2,179,NA,Indian Summer Harlem
2,180,NA,Chocolat Restaurant & Bar
2,181,NA,Max Soha
2,182,NA,Pisticci
2,183,NA,Community Food & Juice
2,185,NA,Tartina
2,186,NA,Junzi Kitchen
2,187,NA,Massawa
2,188,NA,Symposium
2,191,NA,Bettolona
2,192,NA,Flat Top
2,193,NA,Falafel On Broadway
2,194,NA,The Heights Bar & Grill
2,195,NA,Mel's Burger Bar
2,196,NA,Toast Uptown
2,197,NA,"314 - pizza, pasta & wine bar"
2,199,NA,V&T Pizzeria Restaurant
2,200,NA,Max Caffè
2,201,NA,Le Monde Restaurant & Bar
2,202,NA,Tom's restaurant
2,203,NA,Chapati House
2,204,NA,Elysian Fields
2,205,NA,Hula Poke
2,207,NA,El Porton
2,208,NA,La Salle Dumpling Room
2,209,NA,Dun Huang Upper West
2,210,NA,Oasis Jimma Juice Bar
2,211,NA,Jin Ramen / Kissaten
2,213,NA,Nikko
2,214,NA,Famous Famiglia
2,216,NA,Five Guys
2,217,NA,Cap't Loui
2,218,NA,Sliced by Harlem Pizza Co
2,219,NA,The Hamilton
2,220,NA,Brownie's Cafe
2,222,NA,Tom's Delicious Pizza
2,223,NA,Kosher Cafe Nana
2,224,NA,ELIS WINE BAR & RESTAURANT
2,225,NA,Peking Garden
2,226,NA,Shaking Crab
2,228,NA,Taqueria Y Fonda
2,229,NA,John Jay Dining Hall
2,230,NA,Koronet Pizza
2,231,NA,123BSB
2,232,NA,Strokos Gourmet Deli
2,233,NA,Crepes On Columbus
2,234,NA,Miss Mamie's Spoonbread Too
2,236,NA,Panda Express
2,237,NA,Harlem's Floridita
2,238,NA,Ortomare Ristorante Pizzeria
2,239,NA,Thai Market
2,240,NA,Milano Market
2,241,NA,Mountain Bird
2,242,NA,Travertino
2,243,NA,Cascalote
2,244,NA,Bangklyn East Harlem
2,245,NA,Alison Restaurant & Wine Shop
2,246,NA,Cuchifritos
2,247,NA,Bistro Casa Azul
2,248,NA,Daps
2,249,NA,Amor Cubano
2,250,NA,Spaha Soul & Bone Broth
2,251,NA,Lexington
2,252,NA,La Shuk
2,253,NA,East Harlem Bottling Co.
2,254,NA,La Chula Harlem
2,255,NA,Cake Burgers
2,256,NA,La Avenida
2,257,NA,Patsy's Pizzeria
2,258,NA,Nocciola Ristorante
2,259,NA,Taco Mix
2,260,NA,El Aguila
2,262,NA,Sapoara
2,263,NA,Pipo's
2,265,NA,CASSAVA HOUSE
2,266,NA,El Kallejon
2,267,NA,Uptown Veg
2,268,NA,Ricardo
2,270,NA,GAUDir
2,271,NA,Harlem Industrial Kitchen
2,272,NA,Rao's
2,273,NA,Ollin
2,274,NA,Las Delicias Mexicanas
2,275,NA,Milano Pizza Shop
2,276,NA,El Nuevo Caribeño
2,277,NA,El Chevere
2,278,NA,Barcha
2,279,NA,Island Bites
2,280,NA,Guajillo
2,281,NA,A Taste Of Seafood
2,282,NA,Lexington Pizza Parlour
2,283,NA,Yura's Blue Plate
2,284,NA,Burritos Y Mas NY
2,285,NA,El Nuevo Caridad
2,286,NA,Malii Thai Kitchen
2,287,NA,La Nostra Pizzeria
2,288,NA,Halal Kitchen
2,289,NA,El Paso Restaurante
2,290,NA,La Preciosa
2,291,NA,Evelyn's Kitchen
2,292,NA,Sams Famous Pizzeria
2,294,NA,Earl's Beer and Cheese
2,295,NA,Blue Coco
2,296,NA,Elma's in Harlem
2,297,NA,Polash
2,298,NA,Hot Jalapeño Mexican Restaurant
2,299,NA,Charlie's Place
2,300,NA,Quesadillas Doña Maty
2,301,NA,Barney Greengrass
2,302,NA,The Milling Room
2,303,NA,The Ribbon
2,305,NA,Jacob's Pickles
2,306,NA,The Mermaid Inn
2,307,NA,Luke's Lobster Upper West Side - Temporarily Closed
2,308,NA,Boulud Sud
2,309,NA,Cafe Luxembourg
2,310,NA,Fine & Schapiro
2,311,NA,Leonti
2,312,NA,TESSA
2,313,NA,Crave Fishbar
2,314,NA,Sushi Yasaka
2,315,NA,Celeste
2,317,NA,Oxbow Tavern
2,318,NA,Nice Matin
2,320,NA,La Mirabelle
2,321,NA,Awadh
2,322,NA,Kefi
2,324,NA,Fred's
2,326,NA,Playa Betty's
2,327,NA,Gari Columbus
2,329,NA,Carmine’s Italian Restaurant- Upper West Side
2,330,NA,Bodrum
2,331,NA,Jin Ramen
2,332,NA,Shun Lee West
2,333,NA,Pappardella
2,334,NA,Coppola's West
2,335,NA,Calle Ocho
2,336,NA,Seven Hills Mediterranean Grill
2,337,NA,Peacefood Cafe
2,338,NA,Bustan NYC
2,339,NA,Gazala’s
2,340,NA,Gennaro
2,342,NA,Hummus Place
2,343,NA,Jean-Georges
2,344,NA,Maison Pickle
2,345,NA,108 Food Dried Hot Pot
2,346,NA,Gray's Papaya
2,347,NA,La Sirène Upper West Side
2,348,NA,Mokum
2,350,NA,Land Thai Kitchen
2,352,NA,Boilery
2,354,NA,Pio Pio 6
2,355,NA,Pizzeria Sirenetta
2,356,NA,Elea
2,357,NA,Good Enough To Eat
2,358,NA,Sala Thai
2,359,NA,Viand Cafe
2,360,NA,Blossom on Columbus
2,361,NA,Flora Bar
2,362,NA,Daniel
2,363,NA,Sfoglia
2,364,NA,Sushi Seki
2,365,NA,Sandro's
2,366,NA,Uva
2,368,NA,Sushi of Gari/Upper East Side
2,369,NA,Up Thai
2,370,NA,Tanoshi Sushi Sake Bar
2,371,NA,The East Pole
2,372,NA,Naruto Ramen
2,373,NA,Candle Cafe
2,374,NA,Vaucluse
2,375,NA,JG Melon
2,376,NA,Mei Jin Ramen
2,379,NA,JoJo
2,380,NA,Bella Blu
2,381,NA,Yefsi Estiatorio
2,382,NA,Poke
2,383,NA,Café Boulud
2,384,NA,Eastfields
2,386,NA,The Milton
2,387,NA,Scalinatella
2,388,NA,Felice 83
2,389,NA,THEP Thai Restaurant
2,390,NA,Luke's Lobster Upper East Side
2,391,NA,Amali
2,392,NA,Pascalou
2,393,NA,La Esquina - UES
2,394,NA,Il Divo
2,396,NA,Paola's
2,397,NA,Calexico
2,398,NA,Mission Ceviche - Restaurant & Bar
2,400,NA,Match 65 Brasserie
2,401,NA,The Penrose
2,402,NA,San Matteo Pizzeria e Cucina
2,404,NA,Via Quadronno
2,407,NA,Caravaggio
2,408,NA,David Burke Tavern
2,410,NA,Tri Dim Shanghai Restaurant and Bar 鼎豐
2,411,NA,Jones Wood Foundry
2,413,NA,Kappo Masa
2,414,NA,Erminia
2,415,NA,Tiella
2,416,NA,Heidi's House
2,417,NA,Angkor Cambodian Bistro
2,418,NA,Avra Madison Estiatorio
2,419,NA,OM
2,420,NA,Moti Mahal Delux
2,421,NA,Pure Thai Cookhouse
2,422,NA,Taboon
2,423,NA,44 & X Hell's Kitchen
2,424,NA,Hell's Kitchen
2,425,NA,Briciola
2,426,NA,Il Melograno
2,427,NA,Kashkaval Garden
2,428,NA,Samba Kitchen
2,429,NA,Tavola
2,430,NA,PRINT.
2,431,NA,El Centro
2,432,NA,Etcetera Etcetera
2,433,NA,The Marshal
2,434,NA,IL Punto
2,435,NA,Masseria dei Vini
2,436,NA,The Blue Dog Cookhouse and Bar
2,437,NA,Patzeria Family & Friends
2,439,NA,Rustic table
2,440,NA,Ippudo Westside
2,441,NA,Mercato
2,442,NA,Danji
2,444,NA,K Rico Steakhouse
2,446,NA,Wondee Siam
2,447,NA,Esca
2,448,NA,Rice 'n' Beans
2,449,NA,Fluffy's Cafe & Pizzeria
2,450,NA,Empanada Mama
2,453,NA,Talad Wat
2,454,NA,The Harrow New York
2,455,NA,Mamasita Bar & Grill
2,456,NA,Capizzi
2,457,NA,Tacuba
2,458,NA,Amarone NY
2,459,NA,Hourglass Tavern
2,460,NA,Corner Slice
2,461,NA,Hold Fast Kitchen and Spirits
2,462,NA,Casellula
2,463,NA,Non Solo Piada
2,464,NA,Blue Seafood Bar
2,465,NA,The Greek Kitchen
2,466,NA,Bocca di Bacco
2,467,NA,La Pulperia HK
2,468,NA,Noodies Thai Kitchen
2,469,NA,Poulette
2,470,NA,Casa Nonna
2,473,NA,Pure Ktchn
2,474,NA,At Nine Restaurant & Bar
2,476,NA,Ousia
2,478,NA,B Squared
2,479,NA,Añejo
2,480,NA,Pio Pio 8
2,481,NA,La Masseria
2,483,NA,Trattoria Trecolori
2,484,NA,Lillie's Victorian Establishment
2,487,NA,Joe Allen
2,491,NA,Ootoya - Times Square
2,492,NA,Daniela Trattoria
2,493,NA,Glass House Tavern
2,497,NA,The Perfect Pint
2,498,NA,Havana Central Times Square
2,500,NA,The Ribbon — Midtown 44st
2,502,NA,Osteria al Doge
2,503,NA,Da Marino
2,504,NA,O'Lunney's
2,505,NA,P.S. Kitchen
2,506,NA,Del Frisco's Double Eagle Steakhouse
2,507,NA,Cielo
2,508,NA,Blue Fin
2,509,NA,Victor's Cafe
2,510,NA,Pergola Des Artistes
2,512,NA,Margon
2,513,NA,Hard Rock Cafe
2,514,NA,Azalea
2,515,NA,The Lambs Club
2,516,NA,Connolly's Pub & Restaurant
2,517,NA,Bobby Van's Grill Times Square
2,518,NA,Bond 45 NY
2,520,NA,John's of Times Square
2,521,NA,Paul's on Times Square
2,522,NA,The Palm - Palm West
2,523,NA,Virgil's Real BBQ - Times Square
2,525,NA,Dos Caminos
2,526,NA,Hunt & Fish Club
2,527,NA,Patzeria Perfect Pizza
2,531,NA,Hurley's Restaurant & Bar
2,533,NA,Scarlatto
2,536,NA,Pongsri Thai Restaurant
2,537,NA,Cafe Un Deux Trois
2,541,NA,Gabriel Kreuther
2,542,NA,The Modern
2,544,NA,THE GRILL
2,545,NA,Empellon
2,546,NA,La Grenouille
2,549,NA,Nerai
2,550,NA,Izakaya MEW
2,551,NA,Keens Steakhouse
2,553,NA,Hangawi
2,554,NA,Patsy's
2,555,NA,Gallaghers Steakhouse
2,556,NA,Black Iron Burger
2,557,NA,Marea
2,558,NA,Loi Estiatorio
2,559,NA,Bengal Tiger
2,560,NA,Grand Central Oyster Bar & Restaurant
2,563,NA,Molyvos
2,565,NA,Sushi Yasuda
2,566,NA,Agern
2,567,NA,Sakagura
2,568,NA,Totto Ramen Midtown East
2,569,NA,Aburiya Kinnosuke
2,571,NA,The Original Soup Kitchen
2,572,NA,Ora Di Pasta
2,573,NA,Indian Accent
2,574,NA,Casa Lever
2,575,NA,Socarrat Paella Bar - Midtown East
2,577,NA,Feinstein's/54 Below
2,578,NA,Il Corso
2,579,NA,Havana NY
2,581,NA,Basso56
2,582,NA,NAYA Mezze & Grill
2,583,NA,Il Tinello
2,584,NA,Smith & Wollensky
2,585,NA,Porter House Bar and Grill
2,586,NA,Valbella Midtown
2,587,NA,Nocello
2,588,NA,The Smith
2,591,NA,Il Gattopardo
2,592,NA,Butter Midtown
2,593,NA,Hillstone
2,594,NA,Toscana 49
2,596,NA,Benoit New York
2,597,NA,Estiatorio Milos - Midtown New York
2,600,NA,Parker & Quinn
2,601,NA,Momosan Ramen & Sake
2,602,NA,Villa Berulia
2,603,NA,WOKUNI
2,604,NA,Rare Bar & Grill
2,605,NA,Little Alley
2,606,NA,Sarge's Delicatessen & Diner
2,607,NA,Hakubai
2,608,NA,Rossini's
2,609,NA,El Parador Cafe
2,610,NA,The Shakespeare
2,611,NA,Sons of Thunder
2,612,NA,Hendriks
2,613,NA,Franchia Vegan Café
2,615,NA,BAP
2,616,NA,Sam's Place
2,617,NA,Park Avenue Tavern
2,619,NA,Wagamama
2,620,NA,Kajitsu
2,621,NA,Jackson Hole
2,622,NA,Sachi Asian Bistro
2,623,NA,House of Lasagna
2,624,NA,Sushi Zo Hanare
2,627,NA,Fine & Rare
2,628,NA,The Morgan Dining Room
2,629,NA,Bedford & Co.
2,630,NA,Duke's
2,631,NA,WINE:34
2,632,NA,Delectica
2,633,NA,Zuma
2,634,NA,La Stanza
2,635,NA,Ratatouille
2,636,NA,El Rio Grande
2,637,NA,Spice Symphony
2,638,NA,Previti Pizza
2,639,NA,Garlic
2,640,NA,Sinigual
2,641,NA,Kokage
2,643,NA,Tempura Matsui
2,644,NA,Nirvana
2,645,NA,Pershing Square
2,646,NA,Docks Oyster Bar
2,647,NA,Baby Bo's Cantina
2,648,NA,Pokeworks
2,649,NA,Benjamin Steakhouse
2,650,NA,Zengo
2,652,NA,Tam Sang
2,653,NA,EONS Greek Food for Life
2,654,NA,Sushi Ryusei
2,655,NA,Spoon Table & Bar
2,657,NA,Montagu's Gusto
2,658,NA,Libretto's
2,661,NA,Cookshop
2,662,NA,Westville Chelsea
2,663,NA,LOS TACOS No. 1
2,664,NA,Miznon
2,665,NA,El Quinto Pino
2,666,NA,Momoya
2,667,NA,Del Posto
2,668,NA,Pastai
2,669,NA,Cull & Pistol
2,670,NA,Tía Pol
2,671,NA,Txikito
2,672,NA,Ovest Pizzoteca
2,673,NA,Foragers Table
2,674,NA,Seamore's Chelsea
2,675,NA,Sushi Seki Chelsea
2,676,NA,aRoqa
2,677,NA,Pepe Giallo
2,678,NA,Motel Morris
2,679,NA,Johny's Luncheonette
2,680,NA,OCabanon
2,681,NA,Excellent Dumpling House
2,682,NA,Jun-Men
2,683,NA,Buddakan
2,685,NA,Chelsea Ristorante Italiano
2,686,NA,Morimoto
2,687,NA,Empire Diner
2,688,NA,Worthwild
2,689,NA,Filaga
2,690,NA,Lobster Place
2,691,NA,Momofuku Nishi
2,693,NA,Coppelia
2,694,NA,Elmo
2,695,NA,Zagara
2,696,NA,Lasagna Chelsea Restaurant
2,697,NA,Calle Dao Chelsea
2,698,NA,Salinas
2,699,NA,Porteño
2,700,NA,Da Umberto
2,701,NA,Le Zie Trattoria
2,703,NA,The Grey Dog Chelsea
2,704,NA,Blossom on Ninth
2,705,NA,Le Singe
2,706,NA,Feroce Ristorante
2,707,NA,Fonda
2,708,NA,Cafeteria
2,709,NA,Socarrat Paella Bar- Chelsea
2,710,NA,Sullivan Street Bakery and Pizza
2,711,NA,Bottino
2,715,NA,biricchino
2,716,NA,Temerario
2,717,NA,Champignon
2,718,NA,Very Fresh Noodles
2,719,NA,Toro NYC
2,721,NA,Zero Otto Nove
2,723,NA,Trattoria Italienne
2,725,NA,Upland
2,726,NA,by CHLOE.
2,727,NA,Tappo Thin Crust Pizza
2,728,NA,Merakia
2,729,NA,Periyali
2,730,NA,The Little Beet Table
2,731,NA,BXL Zoute
2,733,NA,SUGARFISH by sushi nozawa
2,734,NA,The Clocktower
2,735,NA,Cote
2,736,NA,Manzo
2,737,NA,Terri
2,738,NA,Park Avenue Autumn/Winter/Spring/Summer
2,739,NA,Eleven Madison Park
2,740,NA,Sagaponack Bar & Grill
2,741,NA,wagamama
2,743,NA,Grimaldi's
2,745,NA,Hanjan
2,746,NA,BLACKBARN Restaurant
2,748,NA,Junoon
2,751,NA,Hill Country Barbecue Market
2,752,NA,Sushi By Bou
2,754,NA,Rezdôra
2,755,NA,Eataly NYC Flatiron
2,756,NA,La Pecora Bianca NoMad
2,757,NA,Flatiron Hall Restaurant and Beer Hall
2,758,NA,Eisenberg's Sandwich Shop
2,759,NA,Punch Bar & Grill
2,760,NA,Thai Villa
2,762,NA,Il Pesce
2,763,NA,Baodega
2,764,NA,Mira Sushi & Izakaya Flatiron
2,765,NA,Bo's Kitchen & Bar Room
2,766,NA,La Pizza & La Pasta
2,767,NA,Luke's Lobster Nomad - Temporarily Closed
2,769,NA,The Flatiron Room
2,770,NA,Bouley at Home
2,774,NA,Chop Shop II
2,777,NA,Outback Steakhouse
2,778,NA,Mizu Sushi
2,779,NA,INDAY
2,781,NA,Norma Gastronomia Siciliana
2,782,NA,Bistango
2,783,NA,Patrizia's of Manhattan
2,784,NA,HandCraft Kitchen & Cocktails
2,786,NA,Riverpark
2,787,NA,Dolcino Trattoria Toscana
2,788,NA,Coppola's East
2,790,NA,Lena's
2,791,NA,Penelope
2,793,NA,Hill and Bay
2,794,NA,Cask Bar & Kitchen
2,795,NA,Turkish Kitchen
2,796,NA,New Moon Chinese Restaurant
2,798,NA,Banc Cafe
2,799,NA,Saravanaa Bhavan
2,800,NA,Wattle Cafe
2,801,NA,Pio Pio
2,802,NA,Eros
2,803,NA,Macchina
2,804,NA,Flame Hibachi
2,805,NA,Natsumi Tapas
2,807,NA,Vatan
2,808,NA,Mughlai
2,809,NA,Burp Bowl Cafe
2,810,NA,Rocky's Pizzeria
2,811,NA,Marchi's
2,812,NA,Mexico Lindo
2,813,NA,Dog & Bone
2,814,NA,Oaxaca Taqueria
2,815,NA,Maguro
2,816,NA,Oishi Bay
2,817,NA,Little Basil
2,820,NA,Nobi Sushi
2,821,NA,Amber
2,822,NA,Sahara's
2,824,NA,Street Taco
2,825,NA,Luu's Baguette
2,826,NA,Curry Express
2,829,NA,Dynasty Dim Sum
2,830,NA,Tacos Times Square
2,832,NA,Abumi Sushi
2,834,NA,La Posada
2,835,NA,Nomado 33
2,836,NA,Pastafina Pizzeria
2,837,NA,Mike's Pizza
2,838,NA,Jaiya
2,839,NA,Agave
2,840,NA,Sticky's Finger Joint
2,842,NA,Novitá
2,843,NA,Joe Jr.
2,844,NA,Friend Of A Farmer
2,845,NA,L'Express
2,846,NA,Farmer & The Fish
2,847,NA,Barbounia
2,848,NA,Paul & Jimmy's
2,851,NA,The House
2,852,NA,GupShup
2,853,NA,Gramercy Kitchen
2,854,NA,Union Square Cafe
2,855,NA,Maialino
2,856,NA,Lamarca
2,857,NA,Boucherie Union Square
2,858,NA,Craft
2,860,NA,Casa Mono
2,861,NA,Taqueria Gramercy
2,863,NA,Big Daddy's
2,864,NA,Follia
2,865,NA,Oceans
2,866,NA,Molly's
2,867,NA,The Bluebell Café
2,868,NA,MoMo Sushi
2,869,NA,Javelina
2,870,NA,Yama
2,871,NA,Camellia
2,873,NA,Bocca Cucina and Bar
2,874,NA,Adalya
2,875,NA,Mani In Pasta
2,877,NA,Irvington
2,882,NA,Sathi
2,883,NA,The Pho
2,884,NA,Verōnika
2,887,NA,Bravo Pizza
2,889,NA,Lunetta
2,891,NA,Mi Noodle Bar
2,892,NA,Jack's Sliders and Sushi
2,893,NA,Tivoli Cafe
2,895,NA,Obicà Mozzarella Bar - Flatiron
2,896,NA,Frank's Trattoria
2,898,NA,abcV
2,899,NA,Gila's Nosh
2,901,NA,Hane Sushi
2,902,NA,Bruno's Gourmet Market
2,905,NA,Taverna Kyclades
2,906,NA,Ichibantei
2,907,NA,Dua Kafe
2,908,NA,Kikoo Sushi
2,911,NA,Akina Sushi
2,912,NA,Tallgrass Burger
2,913,NA,M & J
2,914,NA,Luthun
2,915,NA,Asiam
2,917,NA,Balade
2,918,NA,Sister Jane Tavern
2,920,NA,Muzzarella Pizza
2,923,NA,Russo's Mozzarella & Pasta
2,924,NA,Vinny Vincenz Pizza
2,925,NA,Gomi Korean Wine Bar
2,928,NA,Big Arc Chicken
2,929,NA,No 1 KItchen
2,930,NA,The Spotted Owl Tavern
2,932,NA,Bangkok 2
2,933,NA,Westville East
2,934,NA,Hibachi Express
2,939,NA,Raclette
2,940,NA,Sao Mai
2,942,NA,Halal in East Village
2,944,NA,Haile
2,945,NA,"Fiaschetteria ""Pistoia"""
2,946,NA,Khiladi NYC
2,948,NA,Ferns
2,949,NA,Momofuku Ssäm Bar
2,950,NA,Taco Bell Cantina
2,954,NA,Gena's Grill
2,956,NA,Chipotle
2,957,NA,El Camion Cantina
2,958,NA,Brindle Room
2,960,NA,John's of 12th Street. OUR DINING ROOM IS CLOSED BUT WE ARE OPEN FOR DELIVERIES AND TAKEOUT. Add a BOTTLE OF WINE to your order!
2,977,NA,Malatesta Trattoria
2,991,NA,Perry St
2,993,NA,Cafe Clover
2,995,NA,Market Table
2,997,NA,St Tropez West Village
2,998,NA,Crispo
2,1001,NA,Brodo - West Village
2,1002,NA,Amber West Village
2,1003,NA,Buvette
2,1005,NA,Bar Sardine
2,1007,NA,Emily - West Village
2,1008,NA,Shuraku
2,1009,NA,Cafe Cluny
2,1010,NA,Rosemary's
2,1011,NA,Bobo
2,1012,NA,Rahi
2,1013,NA,Gradisca
2,1014,NA,The Black Derby
2,1015,NA,Westville West
2,1017,NA,Fish
2,1018,NA,Sotto 13
2,1019,NA,Baker & Co
2,1021,NA,Loring Place
2,1023,NA,Amelie Wine Bar
2,1025,NA,Monte's Trattoria
2,1027,NA,Song' E Napule NYC
2,1029,NA,La Lanterna di Vittorio
2,1032,NA,Da Andrea
2,1037,NA,Villanelle
2,1038,NA,Ribalta
2,1040,NA,John's of Bleecker St.
2,1042,NA,Saigon Shack
2,1043,NA,Numero 28 Pizzeria
2,1047,NA,Tomoe Sushi
2,1051,NA,Red Bamboo
2,1058,NA,Pommes Frites
2,1062,NA,Petite Boucherie
2,1064,NA,ZZ's Clam Bar
2,1067,NA,North Square
2,1075,NA,Jane
2,1077,NA,Babu Ji
2,1080,NA,Claudette
2,1081,NA,Vic's
2,1082,NA,The Smile
2,1083,NA,il Buco
2,1084,NA,GATO
2,1085,NA,Lafayette Grand Café & Bakery
2,1086,NA,Bohemian
2,1088,NA,Misirizzi
2,1089,NA,Bessou
2,1090,NA,Indochine
2,1091,NA,ACME
2,1092,NA,ATLA
2,1093,NA,Bar Primi
2,1095,NA,BONDST
2,1096,NA,The Library at the Public
2,1097,NA,Gyu-Kaku Japanese BBQ
2,1098,NA,Fish Cheeks
2,1099,NA,Sushi on Jones
2,1100,NA,Quartino Bottega Organica
2,1101,NA,&pizza - Astor Place
2,1103,NA,The Jones
2,1105,NA,Ogawa
2,1106,NA,Sage Kitchen
2,1107,NA,Torien
2,1108,NA,The Poni Room
2,1109,NA,NOHO
2,1110,NA,Sorbillo Pizzeria
2,1111,NA,Honeybrains
2,1112,NA,The Wren
2,1113,NA,B Bar & Grill
2,1114,NA,Coco & Cru
2,1117,NA,Broken Coconut
2,1118,NA,Gemma
2,1120,NA,Bite
2,1123,NA,Asia de Cuba
2,1125,NA,Bowery Meat Company
2,1126,NA,Piccola Strada
2,1127,NA,Cheska's
2,1129,NA,Sweetwater Social
2,1130,NA,Wendy's
2,1132,NA,YOSHINO · NEW YORK
2,1133,NA,Oaxaca Comida Calle
2,1134,NA,Sushi by M
2,1135,NA,Phebe's
2,1136,NA,A-Pou’s Taste
2,1137,NA,Baar Baar
2,1138,NA,Bar Verde
2,1140,NA,Chopt Creative Salad Co.
2,1142,NA,Prune
2,1144,NA,Somtum Der (East Village)
2,1146,NA,Oiji
2,1148,NA,Frank
2,1149,NA,Superiority Burger
2,1150,NA,Supper
2,1151,NA,Ippudo NY
2,1152,NA,Lavagna
2,1153,NA,Huertas
2,1154,NA,Lucien
2,1155,NA,Avant Garden East Village
2,1156,NA,Root & Bone
2,1157,NA,Cafe Mogador
2,1158,NA,Madame Vo
2,1159,NA,Avenue C
2,1160,NA,Empellon Al Pastor
2,1161,NA,MáLà Project
2,1163,NA,Caracas Arepa Bar
2,1164,NA,Han Dynasty
2,1165,NA,Plado Tasting Bar
2,1167,NA,Caravan Of Dreams
2,1169,NA,noreetuh
2,1170,NA,Momofuku Ko
2,1171,NA,Rosie's
2,1172,NA,Buenos Aires
2,1174,NA,Lil' Frankie's
2,1176,NA,Papilles
2,1177,NA,Giano
2,1180,NA,Risotteria Melotti NYC
2,1181,NA,Hanoi House
2,1182,NA,graffiti
2,1183,NA,Pylos
2,1184,NA,Gnocco
2,1185,NA,Bobwhite Counter - Alphabet City
2,1186,NA,Szechuan Mountain House
2,1187,NA,The Black Ant
2,1188,NA,Crif Dogs
2,1189,NA,Via Della Pace
2,1190,NA,Mama Fina’s NYC House of Filipino Sisig
2,1193,NA,Tuome
2,1194,NA,Maharlika
2,1196,NA,Feast
2,1197,NA,Boilery East Village
2,1201,NA,Balthazar
2,1202,NA,Blue Ribbon Brasserie
2,1203,NA,Raoul's
2,1204,NA,Sadelle's
2,1205,NA,Antique Garage Soho
2,1206,NA,Shuka
2,1207,NA,Charlie Bird
2,1208,NA,Aquagrill
2,1209,NA,Cocotte
2,1211,NA,The Dutch
2,1212,NA,Lure Fishbar
2,1213,NA,Piccola Cucina
2,1214,NA,Aurora Soho
2,1216,NA,Galli
2,1217,NA,San Carlo Osteria Piemonte
2,1218,NA,Blue Ribbon Sushi
2,1219,NA,Coco Pazzo
2,1220,NA,Fanelli’s Cafe
2,1221,NA,Emmett's
2,1222,NA,Bistro Les Amis
2,1223,NA,Lucky Strike
2,1224,NA,La Mercerie
2,1225,NA,Omen Azen
2,1228,NA,Raku
2,1229,NA,Le Coucou
2,1230,NA,Piccola Cucina Estiatorio
2,1231,NA,Mamo
2,1232,NA,Pera Soho
2,1233,NA,12 Chairs Cafe
2,1234,NA,Le Botaniste
2,1235,NA,Cupping Room Cafe
2,1236,NA,Lupe's East L.A. Kitchen
2,1237,NA,II Corallo Trattoria
2,1238,NA,Pepe Rosso To Go
2,1239,NA,west~bourne
2,1240,NA,The Mercer Kitchen
2,1241,NA,Altro Paradiso
2,1242,NA,Ed's Lobster Bar
2,1243,NA,Il Mulino Prime
2,1244,NA,King
2,1245,NA,Vin et Fleurs
2,1246,NA,Osteria Morini
2,1247,NA,Ciccio
2,1248,NA,Black Tap
2,1249,NA,Pinch Chinese
2,1250,NA,St Tropez Soho
2,1251,NA,Cipriani Downtown
2,1252,NA,Pi Bakerie
2,1253,NA,Nagomi
2,1254,NA,Altesi Downtown
2,1255,NA,Little Prince
2,1256,NA,Papatzul
2,1257,NA,Mooncake Foods
2,1258,NA,Calexico Cart
2,1260,NA,Soho Park
2,1261,NA,Epistrophy
2,1264,NA,Chefs Club NY
2,1269,NA,Uncle Boons
2,1271,NA,Emporio
2,1273,NA,Fiat Café
2,1275,NA,LuAnne's Wild Ginger
2,1277,NA,Little Rascal
2,1279,NA,Cafetal Social Club
2,1280,NA,Balzem
2,1282,NA,Uncle Boons Sister
2,1283,NA,Lighthouse Outpost
2,1286,NA,Rintintin
2,1289,NA,The Grey Dog
2,1291,NA,Zooba
2,1292,NA,Pietro Nolita
2,1293,NA,Lovely Day
2,1294,NA,Taco Dumbo
2,1295,NA,Socarrat Paella Bar - Nolita
2,1296,NA,noodlelove
2,1297,NA,Mikaku Sushi
2,1298,NA,Gran Tivoli Restaurant
2,1299,NA,Prince St. Pizza
2,1301,NA,Café Habana
2,1302,NA,Wayan
2,1304,NA,La Churreria
2,1305,NA,19 Cleveland - Telavivian cuisine
2,1308,NA,Habana To Go
2,1309,NA,Goemon Curry
2,1310,NA,Nom Wah Nolita
2,1311,NA,Thai Diner
2,1312,NA,Parisi Bakery
2,1314,NA,Ramen Lab
2,1316,NA,Egg Shop
2,1317,NA,Despaña
2,1318,NA,Pomodoro
2,1320,NA,Mottsu
2,1321,NA,Wildair
2,1322,NA,Dirt Candy
2,1323,NA,Cafe Katja
2,1325,NA,Trapizzino
2,1326,NA,Speedy Romeo
2,1328,NA,Yopparai
2,1329,NA,La Contenta
2,1330,NA,Barrio Chino
2,1332,NA,Contra
2,1333,NA,Dirty French
2,1334,NA,Pig and Khao
2,1335,NA,Ivan Ramen
2,1337,NA,Davelle
2,1338,NA,Russ & Daughters Cafe
2,1339,NA,Congee Village
2,1340,NA,Nakamura
2,1341,NA,Le French Diner
2,1343,NA,El Castillo de Jagua
2,1344,NA,Blue Ribbon Sushi Izakaya
2,1346,NA,Clinton St. Baking Company
2,1348,NA,Parish
2,1349,NA,Cervo's
2,1350,NA,Balvanera
2,1351,NA,Kuma Inn
2,1352,NA,Biga NYC
2,1354,NA,Shabu Shabu Macoron
2,1355,NA,One More Thai
2,1356,NA,Kings County Imperial LES
2,1357,NA,Casa Adela
2,1359,NA,An Choi
2,1361,NA,Serafina
2,1362,NA,Katz's Delicatessen
2,1363,NA,Tijuana Picnic
2,1364,NA,The MasalaWala
2,1366,NA,Una Pizza Napoletana
2,1367,NA,Taverna Di Bacco
2,1368,NA,Dudley's
2,1369,NA,Sweet Chick
2,1370,NA,"Jia NYC Beer, Wine & Sake Restaurant"
2,1371,NA,Beauty & Essex
2,1372,NA,Biggie's Cafe
2,1374,NA,Sauce
2,1375,NA,Zum Schneider NYC
2,1376,NA,Niche
2,1377,NA,Gentleman Farmer
2,1378,NA,Cheeky Sandwiches
2,1380,NA,Char Sue
2,1381,NA,Il Cortile Restaurant
2,1382,NA,Aunt Jake's
2,1383,NA,Benito One
2,1384,NA,Paesano
2,1385,NA,Da Nico
2,1386,NA,Sapori d'Italia
2,1388,NA,Gelso & Grand
2,1389,NA,Puglia
2,1390,NA,Da Gennaro
2,1391,NA,La Mela
2,1392,NA,Angelo's
2,1393,NA,Margherita NYC
2,1395,NA,Tomiño Taberna Gallega
2,1396,NA,Il Piccolo Bufalo
2,1397,NA,Umbertos Clam House
2,1398,NA,C. Di Palo Wine Bar
2,1399,NA,Onieal's
2,1400,NA,Casa Bella
2,1401,NA,Bánh Mì Saigon
2,1402,NA,Ferrara Bakery & Cafe
2,1405,NA,Grotta Azzurra
2,1407,NA,Nyonya
2,1408,NA,Original Vincent's
2,1409,NA,La Nonna
2,1410,NA,Zia Maria Little Italy
2,1411,NA,Baz Bagel
2,1412,NA,Buona Notte
2,1414,NA,Amici Ristorante
2,1416,NA,Luna Ristorante
2,1417,NA,Caffe Napoli
2,1418,NA,Pho Bang
2,1419,NA,Capri
2,1420,NA,PELLEGRINO'S MENU NOW BEING SERVED AT LA NONNA
2,1421,NA,Lunella
2,1423,NA,Caffè Palermo
2,1425,NA,Tiny Shanghai
2,1426,NA,Manero's Pizza
2,1427,NA,La Bella
2,1430,NA,Saigon Vietnamese Sandwich Deli
2,1432,NA,Casa Bocado
2,1433,NA,Marcellino
2,1435,NA,Quan Sushi Grill
2,1436,NA,Troquet
2,1442,NA,Pepolino
2,1443,NA,Locanda Verde
2,1444,NA,Marc Forgione
2,1445,NA,The Greek
2,1446,NA,Little Park
2,1447,NA,Walker's
2,1448,NA,Tamarind Tribeca
2,1450,NA,Tribeca Grill
2,1451,NA,Bubby's
2,1452,NA,China Blue
2,1454,NA,Scalini Fedeli
2,1455,NA,Max
2,1456,NA,Tribeca's Kitchen
2,1457,NA,Edward's
2,1458,NA,Gigino Trattoria
2,1459,NA,Holy Ground
2,1460,NA,Bâtard
2,1461,NA,American Cut Steakhouse Tribeca
2,1462,NA,Terra
2,1463,NA,Tiny's & The Bar Upstairs
2,1465,NA,Khe-Yo
2,1466,NA,Macao Trading Co
2,1467,NA,Gunbae
2,1468,NA,Tutto il Giorno
2,1469,NA,Racines NY
2,1471,NA,Savida
2,1472,NA,Smith & Mills
2,1473,NA,Frenchette
2,1474,NA,Nish Nush
2,1475,NA,Saluggi's
2,1476,NA,Petrarca Cucina e Vino
2,1477,NA,Attraversa Tribeca
2,1478,NA,Añejo Tribeca
2,1479,NA,Zutto Japanese American Pub
2,1480,NA,Antique Garage
2,1481,NA,Distilled
2,1483,NA,Shigure
2,1484,NA,Serafina Tribeca
2,1485,NA,Thalassa
2,1486,NA,Sushi Azabu
2,1487,NA,Gotan TriBeCa
2,1488,NA,Jungsik
2,1489,NA,Mulberry & Vine
2,1493,NA,L'angolo
2,1497,NA,Girello
2,1498,NA,Il Mattone
2,1499,NA,Da Mikele By Luzzo's
2,1500,NA,Terroir
2,1502,NA,Great NY Noodletown
2,1505,NA,Joe's Shanghai
2,1509,NA,Deluxe Green Bo
2,1513,NA,Shanghai Asian Cuisine 上海小館
2,1516,NA,456 New Shanghai - Temporarily Closed
2,1517,NA,88 Lan Zhou Handmade Noodles
2,1518,NA,Spicy Village
2,1521,NA,Fried Dumpling
2,1524,NA,Super Taste
2,1527,NA,Hou Yi Hot Pot
2,1528,NA,Bo Ky
2,1530,NA,West New Malaysia
2,1531,NA,Big Wong
2,1533,NA,Golden Unicorn
2,1537,NA,Wonton Noodle Garden
2,1538,NA,21 Shanghai House
2,1539,NA,Wah Fung Fast Food
2,1542,NA,H K Wonton Garden
2,1544,NA,Amazing 66
2,1545,NA,Tonii's Fresh Rice Noodle
2,1546,NA,Shanghai Dumpling
2,1548,NA,noodle village
2,1550,NA,Cheong Fun Cart
2,1551,NA,Tasty Dumpling
2,1554,NA,Shinka Ramen & Sake Bar
2,1555,NA,Royal Seafood
2,1557,NA,PhoBar
2,1565,NA,Modern Dining Solutions
2,1567,NA,Mama Eatery
2,1575,NA,CUT by Wolfgang Puck
2,1576,NA,Aahar
2,1578,NA,Happy Eats
2,1580,NA,Brooklyn Chop House
2,1582,NA,New Asian Cuisine
2,1588,NA,Healthy Joe's
2,1596,NA,Tre Sorelle
2,1597,NA,Thai Jasmine
2,1599,NA,Little Italy Pizza
2,1602,NA,Asia Roma
2,1603,NA,Pasteur Grill & Noodles
2,1605,NA,Thailicious ( Chinatown)
2,1608,NA,Subway
2,1611,NA,Popeyes Louisiana Kitchen
2,1613,NA,Potbelly Sandwich Shop
2,1614,NA,New Chatham Seafood Restaurant
2,1621,NA,CC's Cafe
2,1624,NA,Mei Yu Spring Restaurant
2,1627,NA,Clinton Square Pizza
2,1628,NA,Ernesto's
2,1629,NA,Forever Taste
2,1630,NA,Carol's Bun
2,1632,NA,Go Sushi
2,1633,NA,New Wong
2,1634,NA,Yung-sun
2,1635,NA,Food King
2,1636,NA,Bamboo
2,1637,NA,Madison Street Pizza
2,1638,NA,Two Bridge's Diner
2,1639,NA,Xing Wong BBQ
2,1640,NA,J.J. Noodle
2,1642,NA,Yunshang Rice Noodle House
2,1643,NA,Panda Chinese Restaurant
2,1644,NA,Jordis Place
2,1645,NA,May Kaidee
2,1646,NA,Gino's Pizza
2,1647,NA,Downtown Yummy
2,1648,NA,Jin Mei Dumpling
2,1651,NA,Happy Family
2,1652,NA,LES Enfants Delice
2,1653,NA,El Castillo De Madison
2,1654,NA,Chen Zun Jin
2,1655,NA,Shui Mei Cafe
2,1657,NA,Shun Wei
2,1659,NA,Fulton Chef
2,1660,NA,Xun Lin Liang
2,1662,NA,Yi Zhang Fishball & Snack Restaurant
2,1666,NA,Golden Diner
2,1668,NA,Good Good Taste
2,1669,NA,Lily's
2,1670,NA,Lower East Side Pizza
2,1674,NA,Eastwood
2,1675,NA,Lanzhou Ramen
2,1676,NA,BRIGITTE
2,1679,NA,Everest Diner
2,1680,NA,Long Shine
2,1681,NA,Black Hound Bar & Lounge
2,1682,NA,Gigino At Wagner Park
2,1683,NA,Merchants River House
2,1684,NA,Del Frisco's Grille
2,1685,NA,Inatteso Pizzabar
2,1686,NA,Lox Cafe
2,1687,NA,Ningbo Cafe
2,1688,NA,Harry's Italian Murray Street
2,1690,NA,Miramar
2,1691,NA,El Vez and Burrito Bar
2,1692,NA,Benvenuti Pizzeria
2,1693,NA,2West
2,1696,NA,Picasso Pizza
2,1698,NA,Blue Ribbon Sushi Bar at Hudson Eats
2,1699,NA,L'Appart
2,1702,NA,Le District
2,1703,NA,Wei West
2,1706,NA,Dos Toros Taqueria
2,1707,NA,Atrio Wine Bar & Restaurant
2,1709,NA,Beaubourg
2,1710,NA,"Blue Ribbon Sushi,Hudson Eats"
2,1711,NA,Battery Gardens
2,1712,NA,Olive's
2,1713,NA,Umami Burger
2,1714,NA,elmursth
2,1715,NA,Chopt Creative Salad
2,1716,NA,Northern Tiger
2,1718,NA,Grand Banks
2,1720,NA,Pier A Harbor House
2,1721,NA,Beans & Greens
2,1722,NA,Treadwell Park
2,1723,NA,Num Pang Kitchen
2,1724,NA,Battery Place Market
2,1725,NA,View of the World
2,1727,NA,Pick A Bagel
2,1731,NA,Hudson Eats
2,1732,NA,Sant Ambroeus Brookfield Place
2,1734,NA,SKINNYPIZZA
2,1737,NA,Suspenders
2,1742,NA,Felice
2,1743,NA,Manhatta
2,1744,NA,Luke's Lobster FiDi - Temporarily Closed
2,1747,NA,Adrienne's Pizzabar
2,1749,NA,Delmonico's
2,1750,NA,Fraunces Tavern
2,1752,NA,The Capital Grille - Curbside Takeout & Delivery
2,1753,NA,The Irish American Pub
2,1754,NA,Il Brigante
2,1755,NA,Industry Kitchen
2,1757,NA,Kesté Wall Street
2,1760,NA,The Paris Cafe
2,1761,NA,The Malt House
2,1762,NA,Kuu Ramen
2,1763,NA,Westville
2,1765,NA,Fish Market
2,1766,NA,Steve's Pizza
2,1767,NA,Joseph's Restaurant
2,1768,NA,The Dead Rabbit Grocery and Grog
2,1769,NA,Joe’s Pizza
2,1770,NA,Bombay's
2,1771,NA,Harry's NYC
2,1772,NA,Albaik Express Halal Food
2,1773,NA,Acqua Restaurant NYC
2,1774,NA,Giardino D'Oro
2,1776,NA,Eataly NYC Downtown
2,1777,NA,Blue Ribbon Federal Grill
2,1778,NA,11 Hanover Greek
2,1780,NA,Antica
2,1781,NA,Harry's Italian
2,1782,NA,The Bailey Pub & Brasserie
2,1784,NA,Stone Street Tavern
2,1785,NA,Barbalu
2,1789,NA,La Parisienne
2,1791,NA,Ryan Maguire's Bar & Restaurant
2,1792,NA,SUteiShi
2,1793,NA,The White Horse Tavern - Financial District
2,1794,NA,Bobby Van's
2,1795,NA,La Pizza & La Pasta at Eataly NYC Downtown
2,1797,NA,Zeytin Mediterranean
2,1799,NA,St. George Tavern
2,1801,Seawalk,NA
2,1802,Guadalupe Restaurant,NA
2,1803,Beans and Vines,NA
2,1804,RAICES RESTAURANT,NA
2,1805,Unique,NA
2,1806,Tryon Public House,NA
2,1807,Indian Road Cafe,NA
2,1808,Taqueria Emilio,NA
2,1809,Brown Sugar Bar & Restaurant,NA
2,1810,Cañave,NA
2,1811,Tannat,NA
2,1812,Garden Café,NA
2,1813,Mamajuana Cafe,NA
2,1814,Il Sole,NA
2,1815,Pizza Palace,NA
2,1816,The Hudson,NA
2,1817,Bocaditos Bistro,NA
2,1818,Pat'e Palo Bar & Grill,NA
2,1819,The Park View,NA
2,1820,Papasito,NA
2,1821,Mamasushi,NA
2,1822,Inwood Bar & Grill,NA
2,1823,Dyckman Express,NA
2,1824,Grandpa's Brick Oven Pizza,NA
2,1825,Cachapas y Mas,NA
2,1826,Burgos Restaurant cafe,NA
2,1827,Boca Chica Seafood,NA
2,1828,Luxor NY,NA
2,1829,Galicia Tapas,NA
2,1830,Lina Restaurant,NA
2,1831,Pick and Eat,NA
2,1833,La Lomita,NA
2,1834,Capitol Diner,NA
2,1835,Patacon Pisao Truck,NA
2,1836,La Nueva España,NA
2,1837,Dyckman Dogs,NA
2,1838,Yummy Thai,NA
2,1839,Lotus Express,NA
2,1840,Fresh Tortillas,NA
2,1841,Pop & Pour,NA
2,1842,Genesis Restaurante Ecuatoriano,NA
2,1843,Cachapas y Mas Express,NA
2,1844,Stop 809,NA
2,1845,El nuevo valle seafood Restaurant,NA
2,1846,Jimbos Hamburger Palace,NA
2,1847,International Food House,NA
2,1848,Elsa La Reina del Chicharron,NA
2,1849,La Essencia Restaurant,NA
2,1850,El Nuevo Sabor,NA
2,1851,Enjoy Kitchen & Bar NYC,NA
2,1852,Junior's Tacos,NA
2,1853,Noel's Pizza,NA
2,1854,Sushi Mambo,NA
2,1855,"Tenth Avenue | Rooftop Bar, Eatery and Pizzeria",NA
2,1856,Roof top Republica,NA
2,1857,Cocina Taller,NA
2,1858,Hang Lee,NA
2,1859,Albert's Mofongo,NA
2,1860,Cocina Latina,NA
2,1861,Saggio,NA
2,1862,Le Chéile,NA
2,1863,The Pandering Pig,NA
2,1864,Malecon,NA
2,1865,Grito,NA
2,1866,Manolo Tapas,NA
2,1867,Terravita NYC,NA
2,1868,Las Palmas,NA
2,1869,Coogans,NA
2,1870,Burger Heights,NA
2,1871,Fort Washington Public House,NA
2,1872,Tampopo Ramen,NA
2,1873,La Barca Restaurant,NA
2,1874,Blue Mountain Heights,NA
2,1875,Zoe Restaurant Bar & Lounge,NA
2,1877,Pocion Lounge,NA
2,1878,181 Cabrini,NA
2,1879,Sapito's Sports Cantina,NA
2,1880,Aquamarina,NA
2,1881,SUROSS Thai Bistro,NA
2,1882,Golan Heights,NA
2,1883,Hudson View,NA
2,1884,Aladdin Grill and Rice,NA
2,1885,Kismat Indian Restaurant,NA
2,1886,Refried Beans Mexican Grill,NA
2,1887,Dallas BBQ Washington Heights,NA
2,1888,BURGERS & GRILL,NA
2,1889,Locksmith Bar,NA
2,1890,Tasty Deli,NA
2,1891,Con Sabor A Mexico,NA
2,1892,New San Francisco,NA
2,1893,GoGo-Gi,NA
2,1894,La Casa Del Mofongo,NA
2,1895,Mi Ranchito,NA
2,1896,Merienda Snack Bar,NA
2,1897,Mambi,NA
2,1898,Barrel 79,NA
2,1899,Taino,NA
2,1900,Chop Chop,NA
2,1901,La Dinastia,NA
2,1902,El Conde Nuevo,NA
2,1903,Lola Lola,NA
2,1904,King Garden,NA
2,1905,El Paisa,NA
2,1906,Halo Bistro Café,NA
2,1907,Marisco Centro,NA
2,1908,Sushi Yu 2,NA
2,1909,Lulo,NA
2,1910,Jaya,NA
2,1911,Silver Palace,NA
2,1912,Rain II,NA
2,1913,Jad Jaan Thai Vietnamese Restaurant,NA
2,1914,Altus Cafe,NA
2,1915,Tropical,NA
2,1916,Pick & Eat Fresh Natural Fast,NA
2,1918,Junior's Seafood,NA
2,1919,Wimpy's,NA
2,1920,La CANTINA HEIGHTS,NA
2,1921,Sylvia's,NA
2,1922,Red Rooster,NA
2,1923,Babbalucci,NA
2,1924,Melba's,NA
2,1925,The Edge Harlem,NA
2,1926,Amy Ruth's,NA
2,1927,Seasoned Vegan,NA
2,1928,Maison Harlem,NA
2,1929,Lido Harlem Restaurant,NA
2,1930,Clay,NA
2,1931,Belle Harlem,NA
2,1932,VINATERÍA,NA
2,1933,Sottocasa Pizzeria Harlem,NA
2,1934,Barawine Harlem,NA
2,1935,The Cecil Steakhouse,NA
2,1936,BLVD Bistro NY,NA
2,1937,Abyssinia,NA
2,1938,Harlem Tavern,NA
2,1939,Yatenga,NA
2,1940,Harlem Shake,NA
2,1941,SETTEPANI,NA
2,1942,The Grange,NA
2,1943,Corner Social,NA
2,1944,Ponty Bistro,NA
2,1945,Chez Jacob,NA
2,1946,Fumo,NA
2,1947,Il Cafe Latte 1,NA
2,1948,Bono Trattoria,NA
2,1949,Mo's Burgers,NA
2,1950,Lolo's Seafood Shack,NA
2,1951,Tsion Cafe,NA
2,1952,La Diagonal Agaveria,NA
2,1954,Pikine,NA
2,1955,FIELDTRIP,NA
2,1957,Sushi Inoue,NA
2,1958,Safari restaurant nyc,NA
2,1960,Harlem Food Bar,NA
2,1961,Renaissance Harlem,NA
2,1962,B2 Harlem,NA
2,1966,Trufa Restaurant,NA
2,1968,Charles' Country Pan Fried Chicken,NA
2,1969,Harlem Public,NA
2,1970,Angel of Harlem,NA
2,1971,Londel's,NA
2,1972,Zoma,NA
2,1973,RDV-Rendezvous Harlem,NA
2,1974,Home Sweet Harlem,NA
2,1975,Harlem Seafood Soul,NA
2,1976,Jacob,NA
2,1977,Row House,NA
2,1978,La Lonchera,NA
2,1979,Indian Summer Harlem,NA
2,1980,Chocolat Restaurant & Bar,NA
2,1981,Max Soha,NA
2,1982,Pisticci,NA
2,1983,Community Food & Juice,NA
2,1985,Tartina,NA
2,1986,Junzi Kitchen,NA
2,1987,Massawa,NA
2,1988,Symposium,NA
2,1991,Bettolona,NA
2,1992,Flat Top,NA
2,1993,Falafel On Broadway,NA
2,1994,The Heights Bar & Grill,NA
2,1995,Mel's Burger Bar,NA
2,1996,Toast Uptown,NA
2,1997,"314 - pizza, pasta & wine bar",NA
2,1999,V&T Pizzeria Restaurant,NA
2,2000,Max Caffè,NA
2,2001,Le Monde Restaurant & Bar,NA
2,2002,Tom's restaurant,NA
2,2003,Chapati House,NA
2,2004,Elysian Fields,NA
2,2005,Hula Poke,NA
2,2007,El Porton,NA
2,2008,La Salle Dumpling Room,NA
2,2009,Dun Huang Upper West,NA
2,2010,Oasis Jimma Juice Bar,NA
2,2012,Jin Ramen / Kissaten,NA
2,2013,Nikko,NA
2,2014,Famous Famiglia,NA
2,2016,Cap't Loui,NA
2,2017,Five Guys,NA
2,2018,Sliced by Harlem Pizza Co,NA
2,2019,The Hamilton,NA
2,2020,Brownie's Cafe,NA
2,2022,Tom's Delicious Pizza,NA
2,2023,Kosher Cafe Nana,NA
2,2024,ELIS WINE BAR & RESTAURANT,NA
2,2025,Shaking Crab,NA
2,2026,Peking Garden,NA
2,2027,Taqueria Y Fonda,NA
2,2028,John Jay Dining Hall,NA
2,2029,Koronet Pizza,NA
2,2030,123BSB,NA
2,2031,Strokos Gourmet Deli,NA
2,2032,Crepes On Columbus,NA
2,2033,Miss Mamie's Spoonbread Too,NA
2,2035,Panda Express,NA
2,2036,Harlem's Floridita,NA
2,2037,Ortomare Ristorante Pizzeria,NA
2,2038,Thai Market,NA
2,2039,Milano Market,NA
2,2041,Mountain Bird,NA
2,2042,Travertino,NA
2,2043,Cascalote,NA
2,2044,Bangklyn East Harlem,NA
2,2045,Alison Restaurant & Wine Shop,NA
2,2046,Cuchifritos,NA
2,2047,Bistro Casa Azul,NA
2,2048,Daps,NA
2,2049,Amor Cubano,NA
2,2050,Spaha Soul & Bone Broth,NA
2,2051,Lexington,NA
2,2052,La Shuk,NA
2,2053,East Harlem Bottling Co.,NA
2,2054,La Chula Harlem,NA
2,2055,Cake Burgers,NA
2,2056,La Avenida,NA
2,2057,Patsy's Pizzeria,NA
2,2058,Nocciola Ristorante,NA
2,2059,Taco Mix,NA
2,2060,El Aguila,NA
2,2062,Sapoara,NA
2,2063,Pipo's,NA
2,2065,Uptown Veg,NA
2,2066,Ricardo,NA
2,2068,El Kallejon,NA
2,2069,GAUDir,NA
2,2071,Milano Pizza Shop,NA
2,2072,Rao's,NA
2,2073,Ollin,NA
2,2074,Las Delicias Mexicanas,NA
2,2075,El Nuevo Caribeño,NA
2,2076,Harlem Industrial Kitchen,NA
2,2077,El Chevere,NA
2,2078,Barcha,NA
2,2079,Island Bites,NA
2,2080,Guajillo,NA
2,2081,Evelyn's Kitchen,NA
2,2082,Lexington Pizza Parlour,NA
2,2083,Yura's Blue Plate,NA
2,2084,Burritos Y Mas NY,NA
2,2085,El Nuevo Caridad,NA
2,2086,El Paso Restaurante,NA
2,2087,CASSAVA HOUSE,NA
2,2088,La Nostra Pizzeria,NA
2,2089,Halal Kitchen,NA
2,2090,La Preciosa,NA
2,2091,A Taste Of Seafood,NA
2,2092,Malii Thai Kitchen,NA
2,2093,Sams Famous Pizzeria,NA
2,2094,Earl's Beer and Cheese,NA
2,2095,Blue Coco,NA
2,2096,Hot Jalapeño Mexican Restaurant,NA
2,2097,Elma's in Harlem,NA
2,2098,Polash,NA
2,2099,Charlie's Place,NA
2,2100,Quesadillas Doña Maty,NA
2,2101,Barney Greengrass,NA
2,2102,The Milling Room,NA
2,2103,The Ribbon,NA
2,2105,Jacob's Pickles,NA
2,2106,The Mermaid Inn,NA
2,2107,Luke's Lobster Upper West Side - Temporarily Closed,NA
2,2108,Boulud Sud,NA
2,2109,Cafe Luxembourg,NA
2,2110,Fine & Schapiro,NA
2,2111,Leonti,NA
2,2112,TESSA,NA
2,2113,Crave Fishbar,NA
2,2114,Sushi Yasaka,NA
2,2116,Celeste,NA
2,2117,Oxbow Tavern,NA
2,2118,Nice Matin,NA
2,2120,La Mirabelle,NA
2,2121,Awadh,NA
2,2122,Kefi,NA
2,2124,Fred's,NA
2,2126,Playa Betty's,NA
2,2127,Gari Columbus,NA
2,2129,Carmine’s Italian Restaurant- Upper West Side,NA
2,2130,Bodrum,NA
2,2131,Jin Ramen,NA
2,2132,Shun Lee West,NA
2,2133,Coppola's West,NA
2,2134,Pappardella,NA
2,2135,Calle Ocho,NA
2,2136,Seven Hills Mediterranean Grill,NA
2,2137,Peacefood Cafe,NA
2,2138,Bustan NYC,NA
2,2139,Gazala’s,NA
2,2140,Gennaro,NA
2,2142,Hummus Place,NA
2,2143,Maison Pickle,NA
2,2144,108 Food Dried Hot Pot,NA
2,2145,Jean-Georges,NA
2,2146,Gray's Papaya,NA
2,2147,La Sirène Upper West Side,NA
2,2148,Mokum,NA
2,2150,Land Thai Kitchen,NA
2,2152,Boilery,NA
2,2154,Pio Pio 6,NA
2,2155,Pizzeria Sirenetta,NA
2,2156,Elea,NA
2,2157,Good Enough To Eat,NA
2,2158,Sala Thai,NA
2,2159,Viand Cafe,NA
2,2160,Blossom on Columbus,NA
2,2161,Flora Bar,NA
2,2162,Daniel,NA
2,2163,Sfoglia,NA
2,2164,Sushi Seki,NA
2,2165,Sandro's,NA
2,2166,Uva,NA
2,2167,Sushi of Gari/Upper East Side,NA
2,2169,Up Thai,NA
2,2170,Tanoshi Sushi Sake Bar,NA
2,2171,The East Pole,NA
2,2172,Naruto Ramen,NA
2,2173,Candle Cafe,NA
2,2174,JG Melon,NA
2,2175,Vaucluse,NA
2,2176,Mei Jin Ramen,NA
2,2179,JoJo,NA
2,2180,Bella Blu,NA
2,2182,Yefsi Estiatorio,NA
2,2183,Poke,NA
2,2184,Heidi's House,NA
2,2185,Café Boulud,NA
2,2186,Eastfields,NA
2,2187,The Milton,NA
2,2188,Luke's Lobster Upper East Side,NA
2,2189,Scalinatella,NA
2,2191,Felice 83,NA
2,2192,THEP Thai Restaurant,NA
2,2193,Amali,NA
2,2194,Pascalou,NA
2,2195,La Esquina - UES,NA
2,2196,Il Divo,NA
2,2197,Calexico,NA
2,2198,Mission Ceviche - Restaurant & Bar,NA
2,2199,Paola's,NA
2,2201,Match 65 Brasserie,NA
2,2202,The Penrose,NA
2,2203,San Matteo Pizzeria e Cucina,NA
2,2205,Via Quadronno,NA
2,2206,Caravaggio,NA
2,2207,David Burke Tavern,NA
2,2209,Tri Dim Shanghai Restaurant and Bar 鼎豐,NA
2,2210,Jones Wood Foundry,NA
2,2212,Erminia,NA
2,2213,Kappo Masa,NA
2,2214,Tiella,NA
2,2216,Angkor Cambodian Bistro,NA
2,2217,Avra Madison Estiatorio,NA
2,2218,OM,NA
2,2219,Moti Mahal Delux,NA
2,2221,Pure Thai Cookhouse,NA
2,2222,Taboon,NA
2,2223,44 & X Hell's Kitchen,NA
2,2224,Hell's Kitchen,NA
2,2225,Briciola,NA
2,2226,Il Melograno,NA
2,2227,Kashkaval Garden,NA
2,2228,Samba Kitchen,NA
2,2229,Tavola,NA
2,2230,PRINT.,NA
2,2231,El Centro,NA
2,2232,Etcetera Etcetera,NA
2,2233,The Marshal,NA
2,2234,IL Punto,NA
2,2235,Masseria dei Vini,NA
2,2236,The Blue Dog Cookhouse and Bar,NA
2,2237,Patzeria Family & Friends,NA
2,2239,Rustic table,NA
2,2240,Ippudo Westside,NA
2,2241,Mercato,NA
2,2242,Danji,NA
2,2244,K Rico Steakhouse,NA
2,2246,Wondee Siam,NA
2,2247,Esca,NA
2,2248,Rice 'n' Beans,NA
2,2249,Fluffy's Cafe & Pizzeria,NA
2,2250,Empanada Mama,NA
2,2253,Talad Wat,NA
2,2254,Mamasita Bar & Grill,NA
2,2255,Capizzi,NA
2,2256,Tacuba,NA
2,2257,Amarone NY,NA
2,2258,Hourglass Tavern,NA
2,2259,The Harrow New York,NA
2,2260,Corner Slice,NA
2,2261,Hold Fast Kitchen and Spirits,NA
2,2262,Non Solo Piada,NA
2,2263,Casellula,NA
2,2264,The Greek Kitchen,NA
2,2265,Blue Seafood Bar,NA
2,2266,Bocca di Bacco,NA
2,2267,La Pulperia HK,NA
2,2268,Noodies Thai Kitchen,NA
2,2270,Poulette,NA
2,2271,Casa Nonna,NA
2,2273,Pure Ktchn,NA
2,2274,At Nine Restaurant & Bar,NA
2,2275,Ousia,NA
2,2276,B Squared,NA
2,2277,Añejo,NA
2,2278,Pio Pio 8,NA
2,2281,La Masseria,NA
2,2283,Trattoria Trecolori,NA
2,2284,Lillie's Victorian Establishment,NA
2,2287,Joe Allen,NA
2,2291,Ootoya - Times Square,NA
2,2292,Daniela Trattoria,NA
2,2293,Glass House Tavern,NA
2,2297,The Perfect Pint,NA
2,2298,Havana Central Times Square,NA
2,2300,The Ribbon — Midtown 44st,NA
2,2301,Osteria al Doge,NA
2,2302,Da Marino,NA
2,2303,O'Lunney's,NA
2,2304,Cielo,NA
2,2305,P.S. Kitchen,NA
2,2307,Del Frisco's Double Eagle Steakhouse,NA
2,2308,Blue Fin,NA
2,2309,Victor's Cafe,NA
2,2311,Pergola Des Artistes,NA
2,2312,Margon,NA
2,2313,Azalea,NA
2,2314,Hard Rock Cafe,NA
2,2315,The Lambs Club,NA
2,2316,Connolly's Pub & Restaurant,NA
2,2317,Bond 45 NY,NA
2,2319,Bobby Van's Grill Times Square,NA
2,2322,The Palm - Palm West,NA
2,2323,Hunt & Fish Club,NA
2,2324,John's of Times Square,NA
2,2326,Virgil's Real BBQ - Times Square,NA
2,2328,Paul's on Times Square,NA
2,2330,Patzeria Perfect Pizza,NA
2,2332,Pongsri Thai Restaurant,NA
2,2334,Scarlatto,NA
2,2335,Dos Caminos,NA
2,2339,Hurley's Restaurant & Bar,NA
2,2340,Cafe Un Deux Trois,NA
2,2341,Gabriel Kreuther,NA
2,2342,The Modern,NA
2,2343,THE GRILL,NA
2,2344,Empellon,NA
2,2345,La Grenouille,NA
2,2348,Izakaya MEW,NA
2,2349,Nerai,NA
2,2351,Keens Steakhouse,NA
2,2353,Hangawi,NA
2,2354,Patsy's,NA
2,2355,Black Iron Burger,NA
2,2356,Marea,NA
2,2357,Loi Estiatorio,NA
2,2358,Bengal Tiger,NA
2,2359,Grand Central Oyster Bar & Restaurant,NA
2,2363,Molyvos,NA
2,2364,Sushi Yasuda,NA
2,2365,Gallaghers Steakhouse,NA
2,2366,Agern,NA
2,2367,Sakagura,NA
2,2368,Totto Ramen Midtown East,NA
2,2369,Aburiya Kinnosuke,NA
2,2370,The Original Soup Kitchen,NA
2,2371,Ora Di Pasta,NA
2,2372,Indian Accent,NA
2,2373,Casa Lever,NA
2,2374,Socarrat Paella Bar - Midtown East,NA
2,2376,Feinstein's/54 Below,NA
2,2377,Il Corso,NA
2,2378,Havana NY,NA
2,2380,Basso56,NA
2,2381,NAYA Mezze & Grill,NA
2,2382,Il Tinello,NA
2,2383,Smith & Wollensky,NA
2,2384,Porter House Bar and Grill,NA
2,2385,Valbella Midtown,NA
2,2386,Nocello,NA
2,2388,The Smith,NA
2,2390,Il Gattopardo,NA
2,2391,Butter Midtown,NA
2,2392,Hillstone,NA
2,2393,Toscana 49,NA
2,2395,Estiatorio Milos - Midtown New York,NA
2,2398,Parker & Quinn,NA
2,2399,Benoit New York,NA
2,2401,Momosan Ramen & Sake,NA
2,2402,Villa Berulia,NA
2,2403,WOKUNI,NA
2,2404,Rare Bar & Grill,NA
2,2405,Sarge's Delicatessen & Diner,NA
2,2406,Little Alley,NA
2,2407,Hakubai,NA
2,2408,Rossini's,NA
2,2409,El Parador Cafe,NA
2,2410,The Shakespeare,NA
2,2411,Sons of Thunder,NA
2,2412,Hendriks,NA
2,2413,Franchia Vegan Café,NA
2,2415,BAP,NA
2,2416,Sam's Place,NA
2,2417,Park Avenue Tavern,NA
2,2418,Wagamama,NA
2,2419,Kajitsu,NA
2,2421,Jackson Hole,NA
2,2422,Sushi Zo Hanare,NA
2,2423,Sachi Asian Bistro,NA
2,2424,House of Lasagna,NA
2,2426,Bedford & Co.,NA
2,2428,Fine & Rare,NA
2,2429,The Morgan Dining Room,NA
2,2431,Duke's,NA
2,2432,Garlic,NA
2,2433,WINE:34,NA
2,2434,Delectica,NA
2,2435,Zuma,NA
2,2436,La Stanza,NA
2,2437,Ratatouille,NA
2,2438,Benjamin Steakhouse,NA
2,2439,El Rio Grande,NA
2,2440,Sushi Ryusei,NA
2,2441,Spice Symphony,NA
2,2442,Previti Pizza,NA
2,2443,Tempura Matsui,NA
2,2444,Kokage,NA
2,2445,Sinigual,NA
2,2447,Nirvana,NA
2,2448,Pershing Square,NA
2,2449,Docks Oyster Bar,NA
2,2450,Baby Bo's Cantina,NA
2,2451,Pokeworks,NA
2,2452,EONS Greek Food for Life,NA
2,2453,Zengo,NA
2,2455,Tam Sang,NA
2,2456,Spoon Table & Bar,NA
2,2459,Montagu's Gusto,NA
2,2460,Libretto's,NA
2,2461,Cookshop,NA
2,2462,Westville Chelsea,NA
2,2463,LOS TACOS No. 1,NA
2,2464,Miznon,NA
2,2465,El Quinto Pino,NA
2,2466,Momoya,NA
2,2467,Del Posto,NA
2,2468,Pastai,NA
2,2469,Tía Pol,NA
2,2470,Txikito,NA
2,2471,Ovest Pizzoteca,NA
2,2472,Foragers Table,NA
2,2473,Cull & Pistol,NA
2,2474,Seamore's Chelsea,NA
2,2475,Sushi Seki Chelsea,NA
2,2476,aRoqa,NA
2,2477,Pepe Giallo,NA
2,2478,Motel Morris,NA
2,2479,Johny's Luncheonette,NA
2,2480,OCabanon,NA
2,2481,Excellent Dumpling House,NA
2,2482,Jun-Men,NA
2,2483,Buddakan,NA
2,2485,Chelsea Ristorante Italiano,NA
2,2486,Morimoto,NA
2,2487,Empire Diner,NA
2,2488,Worthwild,NA
2,2489,Filaga,NA
2,2490,Lobster Place,NA
2,2491,Momofuku Nishi,NA
2,2493,Coppelia,NA
2,2494,Elmo,NA
2,2495,Zagara,NA
2,2496,Calle Dao Chelsea,NA
2,2497,Lasagna Chelsea Restaurant,NA
2,2498,Salinas,NA
2,2499,Porteño,NA
2,2500,Blossom on Ninth,NA
2,2501,Le Zie Trattoria,NA
2,2502,Da Umberto,NA
2,2504,The Grey Dog Chelsea,NA
2,2505,Le Singe,NA
2,2506,Feroce Ristorante,NA
2,2507,Fonda,NA
2,2508,Cafeteria,NA
2,2509,Socarrat Paella Bar- Chelsea,NA
2,2510,Sullivan Street Bakery and Pizza,NA
2,2511,Bottino,NA
2,2516,biricchino,NA
2,2517,Temerario,NA
2,2518,Champignon,NA
2,2519,Very Fresh Noodles,NA
2,2520,Toro NYC,NA
2,2521,Zero Otto Nove,NA
2,2523,Trattoria Italienne,NA
2,2524,Upland,NA
2,2526,by CHLOE.,NA
2,2527,Tappo Thin Crust Pizza,NA
2,2528,Merakia,NA
2,2529,Periyali,NA
2,2530,The Little Beet Table,NA
2,2531,BXL Zoute,NA
2,2533,SUGARFISH by sushi nozawa,NA
2,2534,The Clocktower,NA
2,2535,Cote,NA
2,2536,Manzo,NA
2,2537,Terri,NA
2,2538,Park Avenue Autumn/Winter/Spring/Summer,NA
2,2539,Eleven Madison Park,NA
2,2540,Sagaponack Bar & Grill,NA
2,2541,wagamama,NA
2,2543,Grimaldi's,NA
2,2545,Hanjan,NA
2,2546,BLACKBARN Restaurant,NA
2,2548,Junoon,NA
2,2551,Hill Country Barbecue Market,NA
2,2552,Sushi By Bou,NA
2,2554,Rezdôra,NA
2,2555,Eataly NYC Flatiron,NA
2,2556,La Pecora Bianca NoMad,NA
2,2557,Flatiron Hall Restaurant and Beer Hall,NA
2,2558,Eisenberg's Sandwich Shop,NA
2,2559,Punch Bar & Grill,NA
2,2560,Thai Villa,NA
2,2561,Il Pesce,NA
2,2563,Baodega,NA
2,2564,Mira Sushi & Izakaya Flatiron,NA
2,2565,Bo's Kitchen & Bar Room,NA
2,2566,La Pizza & La Pasta,NA
2,2567,Luke's Lobster Nomad - Temporarily Closed,NA
2,2570,Bouley at Home,NA
2,2573,The Flatiron Room,NA
2,2574,Chop Shop II,NA
2,2578,Outback Steakhouse,NA
2,2579,Mizu Sushi,NA
2,2580,INDAY,NA
2,2581,Norma Gastronomia Siciliana,NA
2,2582,Bistango,NA
2,2583,Patrizia's of Manhattan,NA
2,2584,HandCraft Kitchen & Cocktails,NA
2,2586,Riverpark,NA
2,2587,Dolcino Trattoria Toscana,NA
2,2588,Coppola's East,NA
2,2590,Lena's,NA
2,2591,Penelope,NA
2,2593,Hill and Bay,NA
2,2594,Cask Bar & Kitchen,NA
2,2595,Turkish Kitchen,NA
2,2596,New Moon Chinese Restaurant,NA
2,2598,Banc Cafe,NA
2,2599,Saravanaa Bhavan,NA
2,2600,Wattle Cafe,NA
2,2601,Pio Pio,NA
2,2602,Eros,NA
2,2603,Macchina,NA
2,2604,Flame Hibachi,NA
2,2605,Natsumi Tapas,NA
2,2606,Vatan,NA
2,2607,Mughlai,NA
2,2609,Burp Bowl Cafe,NA
2,2610,Rocky's Pizzeria,NA
2,2611,Marchi's,NA
2,2612,Mexico Lindo,NA
2,2613,Dog & Bone,NA
2,2614,Oaxaca Taqueria,NA
2,2615,Maguro,NA
2,2616,Little Basil,NA
2,2619,Amber,NA
2,2620,Nobi Sushi,NA
2,2621,Sahara's,NA
2,2622,Oishi Bay,NA
2,2624,Street Taco,NA
2,2625,Luu's Baguette,NA
2,2626,Curry Express,NA
2,2629,Dynasty Dim Sum,NA
2,2630,Tacos Times Square,NA
2,2632,Abumi Sushi,NA
2,2634,La Posada,NA
2,2635,Nomado 33,NA
2,2636,Pastafina Pizzeria,NA
2,2637,Mike's Pizza,NA
2,2638,Jaiya,NA
2,2639,Agave,NA
2,2640,Sticky's Finger Joint,NA
2,2642,Novitá,NA
2,2643,Joe Jr.,NA
2,2644,Friend Of A Farmer,NA
2,2645,L'Express,NA
2,2646,Farmer & The Fish,NA
2,2647,Barbounia,NA
2,2648,Paul & Jimmy's,NA
2,2651,GupShup,NA
2,2652,The House,NA
2,2653,Gramercy Kitchen,NA
2,2654,Union Square Cafe,NA
2,2655,Maialino,NA
2,2656,Lamarca,NA
2,2657,Boucherie Union Square,NA
2,2658,Craft,NA
2,2660,Casa Mono,NA
2,2661,Taqueria Gramercy,NA
2,2663,Big Daddy's,NA
2,2665,Follia,NA
2,2666,Oceans,NA
2,2667,Molly's,NA
2,2668,The Bluebell Café,NA
2,2669,MoMo Sushi,NA
2,2670,Javelina,NA
2,2671,Yama,NA
2,2672,Mani In Pasta,NA
2,2673,Camellia,NA
2,2674,Bocca Cucina and Bar,NA
2,2675,Adalya,NA
2,2678,Irvington,NA
2,2682,Sathi,NA
2,2683,The Pho,NA
2,2684,Verōnika,NA
2,2687,Bravo Pizza,NA
2,2689,Lunetta,NA
2,2691,Mi Noodle Bar,NA
2,2692,Jack's Sliders and Sushi,NA
2,2694,Obicà Mozzarella Bar - Flatiron,NA
2,2695,Tivoli Cafe,NA
2,2696,Frank's Trattoria,NA
2,2698,abcV,NA
2,2699,Gila's Nosh,NA
2,2701,Hane Sushi,NA
2,2702,Bruno's Gourmet Market,NA
2,2705,Taverna Kyclades,NA
2,2706,Dua Kafe,NA
2,2707,Kikoo Sushi,NA
2,2708,Ichibantei,NA
2,2711,Akina Sushi,NA
2,2712,Tallgrass Burger,NA
2,2713,M & J,NA
2,2714,Luthun,NA
2,2715,Asiam,NA
2,2717,Sister Jane Tavern,NA
2,2718,Balade,NA
2,2720,Muzzarella Pizza,NA
2,2723,Russo's Mozzarella & Pasta,NA
2,2724,Vinny Vincenz Pizza,NA
2,2725,Gomi Korean Wine Bar,NA
2,2728,Big Arc Chicken,NA
2,2729,Bangkok 2,NA
2,2730,The Spotted Owl Tavern,NA
2,2732,Westville East,NA
2,2733,No 1 KItchen,NA
2,2734,Hibachi Express,NA
2,2739,Raclette,NA
2,2740,Sao Mai,NA
2,2742,Halal in East Village,NA
2,2744,Haile,NA
2,2745,"Fiaschetteria ""Pistoia""",NA
2,2746,Khiladi NYC,NA
2,2747,Ferns,NA
2,2749,Momofuku Ssäm Bar,NA
2,2751,Taco Bell Cantina,NA
2,2755,Chipotle,NA
2,2756,El Camion Cantina,NA
2,2757,Gena's Grill,NA
2,2758,Brindle Room,NA
2,2759,John's of 12th Street. OUR DINING ROOM IS CLOSED BUT WE ARE OPEN FOR DELIVERIES AND TAKEOUT. Add a BOTTLE OF WINE to your order!,NA
2,2776,Malatesta Trattoria,NA
2,2790,Perry St,NA
2,2792,Cafe Clover,NA
2,2794,Market Table,NA
2,2798,St Tropez West Village,NA
2,2799,Crispo,NA
2,2801,Brodo - West Village,NA
2,2802,Amber West Village,NA
2,2803,Buvette,NA
2,2805,Bar Sardine,NA
2,2807,Emily - West Village,NA
2,2808,Shuraku,NA
2,2809,Cafe Cluny,NA
2,2810,Rosemary's,NA
2,2811,Bobo,NA
2,2812,Rahi,NA
2,2813,Gradisca,NA
2,2814,The Black Derby,NA
2,2815,Westville West,NA
2,2817,Fish,NA
2,2818,Sotto 13,NA
2,2819,Baker & Co,NA
2,2821,Loring Place,NA
2,2823,Amelie Wine Bar,NA
2,2825,Monte's Trattoria,NA
2,2827,Song' E Napule NYC,NA
2,2829,La Lanterna di Vittorio,NA
2,2832,Da Andrea,NA
2,2836,Villanelle,NA
2,2837,John's of Bleecker St.,NA
2,2839,Saigon Shack,NA
2,2840,Numero 28 Pizzeria,NA
2,2846,Tomoe Sushi,NA
2,2850,Red Bamboo,NA
2,2852,Ribalta,NA
2,2857,Pommes Frites,NA
2,2861,Petite Boucherie,NA
2,2863,ZZ's Clam Bar,NA
2,2866,North Square,NA
2,2874,Jane,NA
2,2876,Babu Ji,NA
2,2878,Claudette,NA
2,2881,Vic's,NA
2,2882,The Smile,NA
2,2883,il Buco,NA
2,2884,GATO,NA
2,2885,Bohemian,NA
2,2886,Lafayette Grand Café & Bakery,NA
2,2888,Misirizzi,NA
2,2889,Bessou,NA
2,2890,Indochine,NA
2,2891,Bar Primi,NA
2,2892,BONDST,NA
2,2893,ACME,NA
2,2894,ATLA,NA
2,2895,The Library at the Public,NA
2,2896,Gyu-Kaku Japanese BBQ,NA
2,2898,Fish Cheeks,NA
2,2899,&pizza - Astor Place,NA
2,2900,Sushi on Jones,NA
2,2901,Quartino Bottega Organica,NA
2,2903,The Jones,NA
2,2904,Sorbillo Pizzeria,NA
2,2906,Ogawa,NA
2,2907,Torien,NA
2,2908,Sage Kitchen,NA
2,2909,The Poni Room,NA
2,2910,NOHO,NA
2,2911,Honeybrains,NA
2,2912,The Wren,NA
2,2913,Broken Coconut,NA
2,2914,B Bar & Grill,NA
2,2915,Coco & Cru,NA
2,2918,Gemma,NA
2,2919,Bite,NA
2,2922,Asia de Cuba,NA
2,2923,Bowery Meat Company,NA
2,2925,Piccola Strada,NA
2,2926,Cheska's,NA
2,2927,Sweetwater Social,NA
2,2929,YOSHINO · NEW YORK,NA
2,2930,Oaxaca Comida Calle,NA
2,2931,Sushi by M,NA
2,2932,Wendy's,NA
2,2933,Phebe's,NA
2,2934,A-Pou’s Taste,NA
2,2935,Baar Baar,NA
2,2936,Bar Verde,NA
2,2938,Chopt Creative Salad Co.,NA
2,2942,Prune,NA
2,2944,Somtum Der (East Village),NA
2,2946,Oiji,NA
2,2948,Frank,NA
2,2949,Superiority Burger,NA
2,2950,Supper,NA
2,2951,Ippudo NY,NA
2,2952,Lavagna,NA
2,2953,Huertas,NA
2,2954,Lucien,NA
2,2955,Avant Garden East Village,NA
2,2956,Root & Bone,NA
2,2957,Cafe Mogador,NA
2,2958,Madame Vo,NA
2,2959,Avenue C,NA
2,2960,Empellon Al Pastor,NA
2,2961,MáLà Project,NA
2,2963,Caracas Arepa Bar,NA
2,2964,Han Dynasty,NA
2,2965,Plado Tasting Bar,NA
2,2967,Caravan Of Dreams,NA
2,2969,noreetuh,NA
2,2970,Momofuku Ko,NA
2,2971,Rosie's,NA
2,2972,Buenos Aires,NA
2,2974,Bobwhite Counter - Alphabet City,NA
2,2975,Lil' Frankie's,NA
2,2977,Papilles,NA
2,2978,Giano,NA
2,2981,Risotteria Melotti NYC,NA
2,2982,Hanoi House,NA
2,2983,graffiti,NA
2,2984,Pylos,NA
2,2985,Gnocco,NA
2,2986,Szechuan Mountain House,NA
2,2987,The Black Ant,NA
2,2988,Crif Dogs,NA
2,2989,Via Della Pace,NA
2,2991,Mama Fina’s NYC House of Filipino Sisig,NA
2,2993,Tuome,NA
2,2994,Maharlika,NA
2,2996,Feast,NA
2,2997,Boilery East Village,NA
2,3001,Balthazar,NA
2,3002,Blue Ribbon Brasserie,NA
2,3003,Raoul's,NA
2,3004,Sadelle's,NA
2,3005,Antique Garage Soho,NA
2,3006,Shuka,NA
2,3007,Charlie Bird,NA
2,3008,Aquagrill,NA
2,3009,Cocotte,NA
2,3011,The Dutch,NA
2,3012,Lure Fishbar,NA
2,3013,Piccola Cucina,NA
2,3014,Aurora Soho,NA
2,3016,Galli,NA
2,3017,San Carlo Osteria Piemonte,NA
2,3018,Blue Ribbon Sushi,NA
2,3019,Coco Pazzo,NA
2,3020,Fanelli’s Cafe,NA
2,3021,Emmett's,NA
2,3022,Bistro Les Amis,NA
2,3023,Lucky Strike,NA
2,3024,La Mercerie,NA
2,3025,Omen Azen,NA
2,3028,Raku,NA
2,3029,Le Coucou,NA
2,3030,Cupping Room Cafe,NA
2,3031,Piccola Cucina Estiatorio,NA
2,3032,Mamo,NA
2,3033,Pera Soho,NA
2,3034,12 Chairs Cafe,NA
2,3035,Le Botaniste,NA
2,3036,Lupe's East L.A. Kitchen,NA
2,3037,II Corallo Trattoria,NA
2,3038,west~bourne,NA
2,3039,The Mercer Kitchen,NA
2,3040,Altro Paradiso,NA
2,3041,Ed's Lobster Bar,NA
2,3042,King,NA
2,3043,Vin et Fleurs,NA
2,3044,Osteria Morini,NA
2,3045,Pi Bakerie,NA
2,3046,Black Tap,NA
2,3047,Pinch Chinese,NA
2,3048,Cipriani Downtown,NA
2,3049,Pepe Rosso To Go,NA
2,3050,St Tropez Soho,NA
2,3051,Ciccio,NA
2,3052,Nagomi,NA
2,3053,Il Mulino Prime,NA
2,3054,Altesi Downtown,NA
2,3055,Little Prince,NA
2,3056,Papatzul,NA
2,3057,Mooncake Foods,NA
2,3058,Calexico Cart,NA
2,3060,Soho Park,NA
2,3061,Epistrophy,NA
2,3064,Chefs Club NY,NA
2,3069,Uncle Boons,NA
2,3071,Emporio,NA
2,3073,Fiat Café,NA
2,3076,LuAnne's Wild Ginger,NA
2,3077,Little Rascal,NA
2,3079,Balzem,NA
2,3081,Uncle Boons Sister,NA
2,3082,Cafetal Social Club,NA
2,3083,Lighthouse Outpost,NA
2,3086,Rintintin,NA
2,3089,The Grey Dog,NA
2,3091,Zooba,NA
2,3092,Pietro Nolita,NA
2,3093,Lovely Day,NA
2,3094,Socarrat Paella Bar - Nolita,NA
2,3095,Taco Dumbo,NA
2,3096,noodlelove,NA
2,3097,Mikaku Sushi,NA
2,3098,Gran Tivoli Restaurant,NA
2,3099,Prince St. Pizza,NA
2,3101,Wayan,NA
2,3102,Café Habana,NA
2,3103,La Churreria,NA
2,3105,19 Cleveland - Telavivian cuisine,NA
2,3108,Habana To Go,NA
2,3109,Goemon Curry,NA
2,3110,Nom Wah Nolita,NA
2,3111,Thai Diner,NA
2,3112,Parisi Bakery,NA
2,3115,Ramen Lab,NA
2,3116,Despaña,NA
2,3117,Egg Shop,NA
2,3118,Mottsu,NA
2,3119,Pomodoro,NA
2,3121,Wildair,NA
2,3122,Dirt Candy,NA
2,3123,Cafe Katja,NA
2,3125,Trapizzino,NA
2,3126,Speedy Romeo,NA
2,3128,Yopparai,NA
2,3129,La Contenta,NA
2,3130,Barrio Chino,NA
2,3132,Contra,NA
2,3133,Dirty French,NA
2,3134,Pig and Khao,NA
2,3136,Ivan Ramen,NA
2,3137,Davelle,NA
2,3138,Russ & Daughters Cafe,NA
2,3139,Congee Village,NA
2,3140,Nakamura,NA
2,3142,Le French Diner,NA
2,3144,El Castillo de Jagua,NA
2,3145,Blue Ribbon Sushi Izakaya,NA
2,3147,Clinton St. Baking Company,NA
2,3148,Parish,NA
2,3150,Cervo's,NA
2,3151,Balvanera,NA
2,3152,Kuma Inn,NA
2,3153,Serafina,NA
2,3154,Biga NYC,NA
2,3156,Shabu Shabu Macoron,NA
2,3157,One More Thai,NA
2,3158,Kings County Imperial LES,NA
2,3159,Casa Adela,NA
2,3161,An Choi,NA
2,3163,Katz's Delicatessen,NA
2,3164,Tijuana Picnic,NA
2,3165,The MasalaWala,NA
2,3167,Dudley's,NA
2,3168,Una Pizza Napoletana,NA
2,3169,Taverna Di Bacco,NA
2,3170,Sweet Chick,NA
2,3171,"Jia NYC Beer, Wine & Sake Restaurant",NA
2,3172,Sauce,NA
2,3173,Beauty & Essex,NA
2,3174,Biggie's Cafe,NA
2,3176,Zum Schneider NYC,NA
2,3177,Niche,NA
2,3178,Gentleman Farmer,NA
2,3179,Char Sue,NA
2,3180,Cheeky Sandwiches,NA
2,3181,Il Cortile Restaurant,NA
2,3182,Aunt Jake's,NA
2,3183,Benito One,NA
2,3184,Paesano,NA
2,3185,Da Nico,NA
2,3186,Sapori d'Italia,NA
2,3188,Gelso & Grand,NA
2,3189,Puglia,NA
2,3190,Da Gennaro,NA
2,3191,La Mela,NA
2,3192,Angelo's,NA
2,3193,Margherita NYC,NA
2,3195,Tomiño Taberna Gallega,NA
2,3196,Il Piccolo Bufalo,NA
2,3197,Umbertos Clam House,NA
2,3198,C. Di Palo Wine Bar,NA
2,3199,Onieal's,NA
2,3200,Casa Bella,NA
2,3201,Bánh Mì Saigon,NA
2,3202,Ferrara Bakery & Cafe,NA
2,3205,Grotta Azzurra,NA
2,3207,Nyonya,NA
2,3208,Original Vincent's,NA
2,3209,Zia Maria Little Italy,NA
2,3210,La Nonna,NA
2,3211,Baz Bagel,NA
2,3212,Buona Notte,NA
2,3214,Lunella,NA
2,3215,Amici Ristorante,NA
2,3216,Luna Ristorante,NA
2,3217,Caffe Napoli,NA
2,3218,Pho Bang,NA
2,3219,Capri,NA
2,3220,PELLEGRINO'S MENU NOW BEING SERVED AT LA NONNA,NA
2,3223,Caffè Palermo,NA
2,3225,Tiny Shanghai,NA
2,3226,Manero's Pizza,NA
2,3227,La Bella,NA
2,3230,Saigon Vietnamese Sandwich Deli,NA
2,3231,Casa Bocado,NA
2,3232,Marcellino,NA
2,3234,Quan Sushi Grill,NA
2,3235,Troquet,NA
2,3242,Pepolino,NA
2,3243,Locanda Verde,NA
2,3244,Marc Forgione,NA
2,3245,The Greek,NA
2,3246,Little Park,NA
2,3247,Walker's,NA
2,3248,Tamarind Tribeca,NA
2,3250,Tribeca Grill,NA
2,3251,Bubby's,NA
2,3252,China Blue,NA
2,3254,Scalini Fedeli,NA
2,3255,Max,NA
2,3256,Tribeca's Kitchen,NA
2,3257,Edward's,NA
2,3258,Gigino Trattoria,NA
2,3259,Holy Ground,NA
2,3260,Bâtard,NA
2,3261,American Cut Steakhouse Tribeca,NA
2,3262,Terra,NA
2,3263,Tiny's & The Bar Upstairs,NA
2,3265,Khe-Yo,NA
2,3266,Saluggi's,NA
2,3267,Macao Trading Co,NA
2,3268,Gunbae,NA
2,3269,Tutto il Giorno,NA
2,3270,Racines NY,NA
2,3272,Savida,NA
2,3273,Smith & Mills,NA
2,3274,Frenchette,NA
2,3275,Nish Nush,NA
2,3276,Petrarca Cucina e Vino,NA
2,3277,Attraversa Tribeca,NA
2,3278,Añejo Tribeca,NA
2,3279,Zutto Japanese American Pub,NA
2,3280,Antique Garage,NA
2,3281,Distilled,NA
2,3283,Shigure,NA
2,3284,Serafina Tribeca,NA
2,3285,Thalassa,NA
2,3286,Sushi Azabu,NA
2,3287,Gotan TriBeCa,NA
2,3288,Jungsik,NA
2,3289,Mulberry & Vine,NA
2,3293,L'angolo,NA
2,3297,Il Mattone,NA
2,3298,Girello,NA
2,3299,Da Mikele By Luzzo's,NA
2,3300,Terroir,NA
2,3302,Great NY Noodletown,NA
2,3305,Joe's Shanghai,NA
2,3309,Deluxe Green Bo,NA
2,3313,Shanghai Asian Cuisine 上海小館,NA
2,3316,456 New Shanghai - Temporarily Closed,NA
2,3317,88 Lan Zhou Handmade Noodles,NA
2,3318,Spicy Village,NA
2,3320,Fried Dumpling,NA
2,3324,Super Taste,NA
2,3327,Hou Yi Hot Pot,NA
2,3328,Bo Ky,NA
2,3330,West New Malaysia,NA
2,3331,Big Wong,NA
2,3333,Golden Unicorn,NA
2,3335,H K Wonton Garden,NA
2,3338,Wonton Noodle Garden,NA
2,3339,21 Shanghai House,NA
2,3340,Wah Fung Fast Food,NA
2,3346,Tonii's Fresh Rice Noodle,NA
2,3347,Amazing 66,NA
2,3349,Shanghai Dumpling,NA
2,3350,noodle village,NA
2,3351,Cheong Fun Cart,NA
2,3353,Tasty Dumpling,NA
2,3356,Shinka Ramen & Sake Bar,NA
2,3357,Royal Seafood,NA
2,3358,PhoBar,NA
2,3364,Modern Dining Solutions,NA
2,3367,Mama Eatery,NA
2,3371,Aahar,NA
2,3376,CUT by Wolfgang Puck,NA
2,3377,Happy Eats,NA
2,3379,Brooklyn Chop House,NA
2,3380,New Asian Cuisine,NA
2,3387,Healthy Joe's,NA
2,3395,Tre Sorelle,NA
2,3396,Thai Jasmine,NA
2,3398,Little Italy Pizza,NA
2,3401,Asia Roma,NA
2,3402,Pasteur Grill & Noodles,NA
2,3404,Thailicious ( Chinatown),NA
2,3408,Subway,NA
2,3412,Popeyes Louisiana Kitchen,NA
2,3416,Potbelly Sandwich Shop,NA
2,3419,New Chatham Seafood Restaurant,NA
2,3421,CC's Cafe,NA
2,3424,Mei Yu Spring Restaurant,NA
2,3427,Clinton Square Pizza,NA
2,3428,Ernesto's,NA
2,3430,Carol's Bun,NA
2,3431,Forever Taste,NA
2,3432,New Wong,NA
2,3433,Yung-sun,NA
2,3434,Bamboo,NA
2,3435,Food King,NA
2,3436,Madison Street Pizza,NA
2,3437,Go Sushi,NA
2,3438,Two Bridge's Diner,NA
2,3439,Xing Wong BBQ,NA
2,3440,J.J. Noodle,NA
2,3441,Yunshang Rice Noodle House,NA
2,3443,Panda Chinese Restaurant,NA
2,3444,Jordis Place,NA
2,3445,Gino's Pizza,NA
2,3446,May Kaidee,NA
2,3447,Downtown Yummy,NA
2,3448,Jin Mei Dumpling,NA
2,3451,Happy Family,NA
2,3452,LES Enfants Delice,NA
2,3453,El Castillo De Madison,NA
2,3454,Chen Zun Jin,NA
2,3455,Shui Mei Cafe,NA
2,3457,Shun Wei,NA
2,3458,Fulton Chef,NA
2,3459,Xun Lin Liang,NA
2,3462,Yi Zhang Fishball & Snack Restaurant,NA
2,3464,Golden Diner,NA
2,3466,Good Good Taste,NA
2,3467,Lily's,NA
2,3468,Lower East Side Pizza,NA
2,3471,Eastwood,NA
2,3472,Lanzhou Ramen,NA
2,3473,BRIGITTE,NA
2,3476,Everest Diner,NA
2,3478,Long Shine,NA
2,3481,Black Hound Bar & Lounge,NA
2,3482,Gigino At Wagner Park,NA
2,3483,Merchants River House,NA
2,3484,Del Frisco's Grille,NA
2,3485,Inatteso Pizzabar,NA
2,3486,Lox Cafe,NA
2,3487,Ningbo Cafe,NA
2,3488,Harry's Italian Murray Street,NA
2,3490,Miramar,NA
2,3491,El Vez and Burrito Bar,NA
2,3492,Benvenuti Pizzeria,NA
2,3493,2West,NA
2,3496,Picasso Pizza,NA
2,3498,Blue Ribbon Sushi Bar at Hudson Eats,NA
2,3499,L'Appart,NA
2,3502,Le District,NA
2,3503,Wei West,NA
2,3506,Dos Toros Taqueria,NA
2,3507,Atrio Wine Bar & Restaurant,NA
2,3509,Beaubourg,NA
2,3510,"Blue Ribbon Sushi,Hudson Eats",NA
2,3511,Battery Gardens,NA
2,3512,Olive's,NA
2,3513,Umami Burger,NA
2,3514,elmursth,NA
2,3515,Chopt Creative Salad,NA
2,3516,Northern Tiger,NA
2,3518,Grand Banks,NA
2,3520,Pier A Harbor House,NA
2,3521,Beans & Greens,NA
2,3522,Treadwell Park,NA
2,3523,Num Pang Kitchen,NA
2,3524,Battery Place Market,NA
2,3525,View of the World,NA
2,3527,Pick A Bagel,NA
2,3531,Hudson Eats,NA
2,3532,Sant Ambroeus Brookfield Place,NA
2,3534,SKINNYPIZZA,NA
2,3537,Suspenders,NA
2,3542,Felice,NA
2,3543,Manhatta,NA
2,3544,Luke's Lobster FiDi - Temporarily Closed,NA
2,3547,Adrienne's Pizzabar,NA
2,3549,Delmonico's,NA
2,3550,Fraunces Tavern,NA
2,3552,The Capital Grille - Curbside Takeout & Delivery,NA
2,3553,The Irish American Pub,NA
2,3554,Il Brigante,NA
2,3555,Industry Kitchen,NA
2,3557,Kesté Wall Street,NA
2,3560,The Paris Cafe,NA
2,3561,The Malt House,NA
2,3562,Kuu Ramen,NA
2,3563,Fish Market,NA
2,3564,Westville,NA
2,3566,Steve's Pizza,NA
2,3567,Joseph's Restaurant,NA
2,3568,The Dead Rabbit Grocery and Grog,NA
2,3569,Joe’s Pizza,NA
2,3570,Bombay's,NA
2,3571,Harry's NYC,NA
2,3572,Albaik Express Halal Food,NA
2,3573,Acqua Restaurant NYC,NA
2,3575,Giardino D'Oro,NA
2,3576,Eataly NYC Downtown,NA
2,3577,Blue Ribbon Federal Grill,NA
2,3578,Antica,NA
2,3580,The Bailey Pub & Brasserie,NA
2,3582,11 Hanover Greek,NA
2,3583,Barbalu,NA
2,3587,La Parisienne,NA
2,3588,Stone Street Tavern,NA
2,3589,Harry's Italian,NA
2,3590,La Pizza & La Pasta at Eataly NYC Downtown,NA
2,3591,Ryan Maguire's Bar & Restaurant,NA
2,3592,SUteiShi,NA
2,3593,Bobby Van's,NA
2,3595,Zeytin Mediterranean,NA
2,3596,The White Horse Tavern - Financial District,NA
2,3597,St. George Tavern,NA
3,472,NA,Hakkasan
3,511,NA,Bubba Gump Shrimp Co.
3,534,NA,Haru Sushi
3,548,NA,Ocean Prime
3,564,NA,Hakkasan
3,656,NA,Lan Larb
3,966,NA,Malaparte
3,1060,NA,Malaparte
3,1324,NA,Freemans
3,1358,NA,Bacaro
3,1439,NA,Chikarashi
3,1441,NA,The Odeon
3,1495,NA,Nobu
3,1514,NA,Hop Kee
3,1519,NA,Tasty Hand Pulled Noodle
3,1543,NA,Wu's Wonton King
3,1549,NA,Taiwan Pork Chop House
3,1556,NA,Vegetarian Dim Sum House
3,1559,NA,Ajisen
3,1560,NA,Chikarashi
3,1577,NA,Taiwan Pork Chop House
3,1583,NA,Straylight
3,1587,NA,Vegetarian Dim Sum House
3,1593,NA,Juku
3,1606,NA,Ajisen
3,1612,NA,Cafe Hong Kong
3,1617,NA,Hop Kee
3,1620,NA,The Odeon
3,1626,NA,Wu's Wonton King
3,1665,NA,Bacaro
3,1700,NA,P.J. Clarke's
3,1736,NA,Cafe 11
3,1786,NA,Melt Shop
3,1790,NA,Nobu
3,1796,NA,Haru Sushi
3,1800,NA,Cafe 11
3,2310,Bubba Gump Shrimp Co.,NA
3,2329,Ocean Prime,NA
3,2333,Melt Shop,NA
3,2347,Ocean Prime,NA
3,2361,Hakkasan,NA
3,2387,P.J. Clarke's,NA
3,2400,Bubba Gump Shrimp Co.,NA
3,2457,Lan Larb,NA
3,2795,Malaparte,NA
3,2939,Freemans,NA
3,3124,Freemans,NA
3,3160,Bacaro,NA
3,3238,Chikarashi,NA
3,3240,Lan Larb,NA
3,3241,The Odeon,NA
3,3295,Nobu,NA
3,3314,Hop Kee,NA
3,3322,Tasty Hand Pulled Noodle,NA
3,3344,Taiwan Pork Chop House,NA
3,3345,Wu's Wonton King,NA
3,3352,Straylight,NA
3,3359,Juku,NA
3,3382,Straylight,NA
3,3383,Vegetarian Dim Sum House,NA
3,3392,Juku,NA
3,3405,Ajisen,NA
3,3406,Tasty Hand Pulled Noodle,NA
3,3414,Cafe Hong Kong,NA
3,3479,Cafe Hong Kong,NA
3,3500,P.J. Clarke's,NA
3,3536,Cafe 11,NA
3,3584,Melt Shop,NA
3,3594,Haru Sushi,NA
4,32,NA,Floridita
4,76,NA,Floridita
4,153,NA,Dinosaur Bar-B-Que
4,156,NA,Jin Ramen West Harlem
4,163,NA,Cantina Taqueria & Tequila Bar
4,164,NA,Sisters
4,165,NA,Teranga
4,167,NA,Cantina Taqueria & Tequila Bar
4,184,NA,Jin Ramen West Harlem
4,189,NA,Marlow Bistro
4,190,NA,Friedman's
4,206,NA,Dinosaur Bar-B-Que
4,235,NA,Saiguette
4,261,NA,Sisters
4,264,NA,Teranga
4,316,NA,Sarabeth's
4,323,NA,Marlow Bistro
4,325,NA,Saiguette
4,328,NA,Chirping Chicken
4,341,NA,5 Napkin Burger
4,353,NA,Jing Fong
4,377,NA,Toloache
4,409,NA,Maison Kayser
4,438,NA,Real Kung Fu Little Steamed Buns Ramen
4,443,NA,Bareburger
4,451,NA,Orso
4,452,NA,5 Napkin Burger
4,471,NA,Hummus Kitchen
4,482,NA,Los Tacos No.1
4,485,NA,Carmine's Italian Restaurant - Times Square
4,486,NA,Oceana
4,488,NA,Toloache
4,489,NA,Burger & Lobster
4,490,NA,Orso
4,495,NA,Junior's Restaurant & Bakery
4,496,NA,The Capital Grille
4,499,NA,Le Bernardin
4,501,NA,Wolfgang's Steakhouse
4,519,NA,Real Kung Fu Little Steamed Buns Ramen
4,530,NA,Friedmans
4,543,NA,Le Bernardin
4,552,NA,Los Tacos No.1
4,562,NA,NY Pizza Suprema
4,576,NA,Carmine's Italian Restaurant - Times Square
4,580,NA,Strip House
4,590,NA,Souvlaki GR
4,595,NA,Oceana
4,598,NA,The Capital Grille
4,599,NA,Junior's Restaurant & Bakery
4,614,NA,Vago
4,618,NA,Le Parisien Bistrot
4,625,NA,Galata Mediterranean Cuisine
4,626,NA,Bareburger
4,642,NA,Shinagawa
4,651,NA,Vezzo Thin Crust Pizza
4,684,NA,Friedman's
4,692,NA,NY Pizza Suprema
4,713,NA,Burger & Lobster
4,714,NA,Friedmans
4,722,NA,Cosme
4,724,NA,Almond
4,732,NA,Giorgio's of Gramercy
4,742,NA,Gramercy Tavern
4,744,NA,Mari Vanna
4,749,NA,Harding's
4,750,NA,Maison Kayser
4,768,NA,Nur
4,773,NA,Il Mulino Prime - Gramercy
4,785,NA,Le Parisien Bistrot
4,789,NA,Vago
4,792,NA,Ruby's Cafe
4,797,NA,Galata Mediterranean Cuisine
4,806,NA,Shinagawa
4,818,NA,Chirping Chicken
4,819,NA,Hummus Kitchen
4,823,NA,Studio
4,827,NA,Vezzo Thin Crust Pizza
4,833,NA,Simon & The Whale
4,841,NA,Gramercy Tavern
4,849,NA,Posto Thin Crust Pizza
4,850,NA,Giorgio's of Gramercy
4,862,NA,Il Mulino Prime - Gramercy
4,872,NA,Almond
4,876,NA,Simon & The Whale
4,878,NA,Grill 21
4,879,NA,Nur
4,880,NA,Mari Vanna
4,881,NA,Artichoke Basille's Pizza
4,885,NA,Studio
4,886,NA,Harding's
4,888,NA,Kati
4,894,NA,Cooper Town
4,897,NA,Cosme
4,900,NA,Emojo Burger
4,903,NA,Cooper Town
4,904,NA,Emojo Burger
4,909,NA,Motorino
4,916,NA,Smør
4,919,NA,Grill 21
4,921,NA,Hearth
4,922,NA,Kati
4,926,NA,Luzzo's La Pizza Napoletana
4,931,NA,Checkers
4,935,NA,S'MAC East Village
4,936,NA,Momofuku Noodle Bar
4,937,NA,Ducks Eatery
4,938,NA,Virginia's
4,941,NA,Jeepney
4,951,NA,Thursday Kitchen
4,952,NA,Joe & Pat’s NYC
4,953,NA,Posto Thin Crust Pizza
4,955,NA,Veselka
4,959,NA,Artichoke Basille's Pizza
4,961,NA,Boucherie West Village
4,962,NA,L'Artusi
4,963,NA,Joseph Leonard
4,964,NA,Fedora
4,965,NA,Via Carota
4,967,NA,Corner Bistro
4,968,NA,Jeffrey's Grocery
4,969,NA,I Sodi - Italian Restaurant
4,971,NA,Don Angie
4,972,NA,High Street on Hudson
4,973,NA,The Beatrice Inn
4,974,NA,Takashi
4,975,NA,Joe's Pizza
4,976,NA,Sushi Nakazawa
4,978,NA,Sevilla
4,979,NA,Hudson Clearwater
4,980,NA,EN Japanese Brasserie
4,981,NA,Tartine
4,982,NA,Extra Virgin
4,983,NA,Rafele
4,984,NA,Palma
4,985,NA,Empellon Taqueria
4,986,NA,The Loyal
4,988,NA,Mary's Fish Camp
4,989,NA,The Clam
4,990,NA,Pearl Oyster Bar
4,992,NA,Sant Ambroeus West Village
4,994,NA,Trattoria Pesce Pasta
4,999,NA,Decoy
4,1000,NA,Le Gigot
4,1004,NA,Little Owl
4,1006,NA,Olio e Piú
4,1016,NA,Bleecker Street Pizza
4,1020,NA,Kesté Pizza & Vino
4,1022,NA,Boucherie West Village
4,1024,NA,Olio e Piú
4,1026,NA,L'Artusi
4,1028,NA,Rafele
4,1030,NA,Little Owl
4,1031,NA,Bleecker Street Pizza
4,1033,NA,Via Carota
4,1034,NA,Joseph Leonard
4,1036,NA,Sevilla
4,1039,NA,Fedora
4,1041,NA,Kesté Pizza & Vino
4,1044,NA,Don Angie
4,1045,NA,Jeffrey's Grocery
4,1046,NA,Decoy
4,1049,NA,I Sodi - Italian Restaurant
4,1050,NA,High Street on Hudson
4,1052,NA,Joe's Pizza
4,1053,NA,Corner Bistro
4,1054,NA,Taïm
4,1055,NA,Takashi
4,1056,NA,Sushi Nakazawa
4,1057,NA,Strip House
4,1059,NA,The Beatrice Inn
4,1061,NA,Extra Virgin
4,1063,NA,Palma
4,1065,NA,Tartine
4,1066,NA,Hudson Clearwater
4,1068,NA,Le Gigot
4,1069,NA,Trattoria Pesce Pasta
4,1070,NA,Pearl Oyster Bar
4,1071,NA,Empellon Taqueria
4,1072,NA,The Clam
4,1073,NA,Mary's Fish Camp
4,1074,NA,The Loyal
4,1076,NA,Sant Ambroeus West Village
4,1078,NA,EN Japanese Brasserie
4,1087,NA,Saxon + Parole
4,1094,NA,Narcissa
4,1104,NA,Estela
4,1116,NA,Emilio's Ballato
4,1119,NA,The Musket Room
4,1124,NA,Burger & Barrel
4,1141,NA,Momofuku Noodle Bar
4,1143,NA,Hearth
4,1145,NA,Veselka
4,1147,NA,Jeepney
4,1162,NA,Mighty Quinn's Barbeque
4,1166,NA,Takahachi
4,1168,NA,Narcissa
4,1173,NA,S'MAC East Village
4,1175,NA,Motorino
4,1179,NA,Joe & Pat’s NYC
4,1191,NA,Ducks Eatery
4,1192,NA,Saxon + Parole
4,1195,NA,Thursday Kitchen
4,1198,NA,Luzzo's La Pizza Napoletana
4,1199,NA,Virginia's
4,1200,NA,Smør
4,1215,NA,Jack's Wife Freda
4,1226,NA,Burger & Barrel
4,1227,NA,La Esquina - SoHo
4,1263,NA,Seamore's Nolita
4,1265,NA,Peasant
4,1266,NA,Pasquale Jones
4,1267,NA,Rubirosa
4,1268,NA,Taïm
4,1270,NA,Estela
4,1272,NA,La Esquina - SoHo
4,1274,NA,Ruby's Cafe
4,1278,NA,Emilio's Ballato
4,1281,NA,Sal's little italy
4,1284,NA,The Butcher's Daughter
4,1287,NA,Cocoron
4,1288,NA,The Musket Room
4,1300,NA,Shoo Shoo Nolita
4,1303,NA,Lombardi's Pizza
4,1306,NA,Piacere
4,1315,NA,Jack's Wife Freda
4,1319,NA,Pepe Rosso Social
4,1327,NA,The Fat Radish
4,1331,NA,Kiki's
4,1336,NA,Les Enfants de Bohème
4,1342,NA,Jajaja Plantas Mexicana
4,1345,NA,Souvlaki GR
4,1353,NA,Dimes
4,1360,NA,Cocoron
4,1373,NA,Petisco Vegano
4,1387,NA,Pepe Rosso Social
4,1394,NA,Piacere
4,1403,NA,Aux Epices
4,1415,NA,Sal's little italy
4,1422,NA,Pasquale Jones
4,1424,NA,Rubirosa
4,1428,NA,Seamore's Nolita
4,1429,NA,Peasant
4,1437,NA,The Butcher's Daughter
4,1438,NA,Shoo Shoo Nolita
4,1440,NA,Lombardi's Pizza
4,1449,NA,Takahachi
4,1464,NA,atera
4,1470,NA,Sarabeth's
4,1482,NA,Gran Morsi
4,1490,NA,Poke' Bar
4,1491,NA,1803 NYC
4,1492,NA,Benares
4,1494,NA,Wolfgang's Steakhouse
4,1496,NA,The Palm - Tribeca
4,1501,NA,Nom Wah Tea Parlor
4,1504,NA,Shanghai 21
4,1506,NA,Peking Duck House
4,1507,NA,Jing Fong
4,1511,NA,Lalito
4,1512,NA,Nha Trang One
4,1515,NA,Hwa Yuan Szechuan 華園
4,1520,NA,Thái Sơn
4,1522,NA,Dimes
4,1525,NA,Ping
4,1526,NA,Aux Epices
4,1529,NA,Bodhi Kosher Vegetarian Restaurant
4,1532,NA,Dim Sum Go Go
4,1540,NA,The Fat Radish
4,1541,NA,Nha Trang Centre
4,1552,NA,Pulqueria
4,1553,NA,Hop Shing
4,1558,NA,Asian Spicy Curry (pop-up)
4,1561,NA,Luna Pizza
4,1562,NA,Temple Court
4,1563,NA,Da Claudio
4,1564,NA,Gran Morsi
4,1566,NA,Shanghai 21
4,1570,NA,Augustine
4,1571,NA,Lalito
4,1572,NA,Bodhi Kosher Vegetarian Restaurant
4,1579,NA,Asian Spicy Curry (pop-up)
4,1581,NA,Poke' Bar
4,1584,NA,Pisillo Italian Panini
4,1585,NA,The Wooly Public
4,1590,NA,Ping
4,1591,NA,Pulqueria
4,1592,NA,Benares
4,1595,NA,T-Swirl Crepe
4,1598,NA,Famous Calabria Pizza
4,1600,NA,Nha Trang One
4,1604,NA,Nha Trang Centre
4,1607,NA,Nom Wah Tea Parlor
4,1609,NA,Thái Sơn
4,1610,NA,atera
4,1615,NA,Peking Duck House
4,1616,NA,Hop Shing
4,1618,NA,1803 NYC
4,1622,NA,Les Enfants de Bohème
4,1623,NA,Petisco Vegano
4,1641,NA,Famous Calabria Pizza
4,1649,NA,Kiki's
4,1650,NA,Jajaja Plantas Mexicana
4,1658,NA,Dim Sum Go Go
4,1661,NA,Luna Pizza
4,1663,NA,Cowgirl SeaHorse
4,1664,NA,Checkers
4,1667,NA,T-Swirl Crepe
4,1671,NA,Hwa Yuan Szechuan 華園
4,1704,NA,Mighty Quinn's Barbeque
4,1717,NA,The Palm - Tribeca
4,1719,NA,Morton's The Steakhouse
4,1726,NA,Bill's Bar & Burger
4,1728,NA,O'Hara's
4,1729,NA,Schilling
4,1730,NA,George's
4,1733,NA,Sauce & Barrel
4,1735,NA,Osteria della Pace
4,1738,NA,Trinity Place
4,1739,NA,The Grotto Pizzeria
4,1741,NA,Augustine
4,1745,NA,Trinity Place
4,1746,NA,Pisillo Italian Panini
4,1748,NA,Temple Court
4,1751,NA,O'Hara's
4,1756,NA,Da Claudio
4,1758,NA,Cowgirl SeaHorse
4,1759,NA,Schilling
4,1764,NA,George's
4,1775,NA,The Wooly Public
4,1779,NA,Sauce & Barrel
4,1783,NA,Morton's The Steakhouse
4,1787,NA,Osteria della Pace
4,1788,NA,The Grotto Pizzeria
4,1798,NA,Bill's Bar & Burger
4,1832,Floridita,NA
4,1876,Floridita,NA
4,1953,Dinosaur Bar-B-Que,NA
4,1956,Jin Ramen West Harlem,NA
4,1963,Cantina Taqueria & Tequila Bar,NA
4,1964,Sisters,NA
4,1965,Teranga,NA
4,1967,Cantina Taqueria & Tequila Bar,NA
4,1984,Jin Ramen West Harlem,NA
4,1989,Marlow Bistro,NA
4,1990,Friedman's,NA
4,2006,Dinosaur Bar-B-Que,NA
4,2034,Saiguette,NA
4,2061,Sisters,NA
4,2064,Teranga,NA
4,2115,Sarabeth's,NA
4,2123,Marlow Bistro,NA
4,2125,Saiguette,NA
4,2128,Chirping Chicken,NA
4,2141,5 Napkin Burger,NA
4,2153,Jing Fong,NA
4,2177,Toloache,NA
4,2208,Maison Kayser,NA
4,2238,Real Kung Fu Little Steamed Buns Ramen,NA
4,2243,Bareburger,NA
4,2251,Orso,NA
4,2252,5 Napkin Burger,NA
4,2272,Hummus Kitchen,NA
4,2282,Los Tacos No.1,NA
4,2285,Carmine's Italian Restaurant - Times Square,NA
4,2286,Oceana,NA
4,2288,Toloache,NA
4,2289,Burger & Lobster,NA
4,2290,Orso,NA
4,2295,Junior's Restaurant & Bakery,NA
4,2296,The Capital Grille,NA
4,2299,Le Bernardin,NA
4,2306,Wolfgang's Steakhouse,NA
4,2320,Real Kung Fu Little Steamed Buns Ramen,NA
4,2336,Friedmans,NA
4,2350,Le Bernardin,NA
4,2352,Los Tacos No.1,NA
4,2362,NY Pizza Suprema,NA
4,2375,Carmine's Italian Restaurant - Times Square,NA
4,2379,Strip House,NA
4,2389,Souvlaki GR,NA
4,2394,Oceana,NA
4,2396,The Capital Grille,NA
4,2397,Junior's Restaurant & Bakery,NA
4,2414,Vago,NA
4,2420,Le Parisien Bistrot,NA
4,2425,Galata Mediterranean Cuisine,NA
4,2427,Bareburger,NA
4,2446,Shinagawa,NA
4,2454,Vezzo Thin Crust Pizza,NA
4,2484,Friedman's,NA
4,2492,NY Pizza Suprema,NA
4,2513,Burger & Lobster,NA
4,2514,Friedmans,NA
4,2522,Cosme,NA
4,2525,Almond,NA
4,2532,Giorgio's of Gramercy,NA
4,2542,Gramercy Tavern,NA
4,2544,Mari Vanna,NA
4,2549,Harding's,NA
4,2550,Maison Kayser,NA
4,2568,Nur,NA
4,2569,Il Mulino Prime - Gramercy,NA
4,2585,Le Parisien Bistrot,NA
4,2589,Vago,NA
4,2592,Ruby's Cafe,NA
4,2597,Galata Mediterranean Cuisine,NA
4,2608,Shinagawa,NA
4,2617,Chirping Chicken,NA
4,2618,Hummus Kitchen,NA
4,2623,Studio,NA
4,2627,Vezzo Thin Crust Pizza,NA
4,2633,Simon & The Whale,NA
4,2641,Gramercy Tavern,NA
4,2649,Posto Thin Crust Pizza,NA
4,2650,Giorgio's of Gramercy,NA
4,2662,Il Mulino Prime - Gramercy,NA
4,2664,Almond,NA
4,2676,Grill 21,NA
4,2677,Nur,NA
4,2679,Mari Vanna,NA
4,2680,Artichoke Basille's Pizza,NA
4,2681,Simon & The Whale,NA
4,2685,Studio,NA
4,2686,Harding's,NA
4,2688,Kati,NA
4,2693,Cooper Town,NA
4,2697,Cosme,NA
4,2700,Emojo Burger,NA
4,2703,Cooper Town,NA
4,2704,Emojo Burger,NA
4,2709,Motorino,NA
4,2716,Smør,NA
4,2719,Hearth,NA
4,2721,Grill 21,NA
4,2722,Kati,NA
4,2726,Luzzo's La Pizza Napoletana,NA
4,2731,Checkers,NA
4,2735,Momofuku Noodle Bar,NA
4,2736,S'MAC East Village,NA
4,2737,Ducks Eatery,NA
4,2738,Virginia's,NA
4,2741,Jeepney,NA
4,2748,Artichoke Basille's Pizza,NA
4,2750,Thursday Kitchen,NA
4,2752,Joe & Pat’s NYC,NA
4,2753,Veselka,NA
4,2754,Posto Thin Crust Pizza,NA
4,2761,Boucherie West Village,NA
4,2762,L'Artusi,NA
4,2763,Joseph Leonard,NA
4,2764,Fedora,NA
4,2765,Via Carota,NA
4,2766,Corner Bistro,NA
4,2767,Jeffrey's Grocery,NA
4,2768,I Sodi - Italian Restaurant,NA
4,2770,Don Angie,NA
4,2771,High Street on Hudson,NA
4,2772,The Beatrice Inn,NA
4,2773,Takashi,NA
4,2774,Joe's Pizza,NA
4,2775,Sushi Nakazawa,NA
4,2777,Hudson Clearwater,NA
4,2778,Sevilla,NA
4,2779,Mary's Fish Camp,NA
4,2780,Tartine,NA
4,2781,Extra Virgin,NA
4,2782,Rafele,NA
4,2783,Palma,NA
4,2784,Empellon Taqueria,NA
4,2786,The Loyal,NA
4,2787,EN Japanese Brasserie,NA
4,2788,The Clam,NA
4,2789,Pearl Oyster Bar,NA
4,2791,Sant Ambroeus West Village,NA
4,2793,Trattoria Pesce Pasta,NA
4,2797,Le Gigot,NA
4,2800,Decoy,NA
4,2804,Little Owl,NA
4,2806,Olio e Piú,NA
4,2816,Bleecker Street Pizza,NA
4,2820,Kesté Pizza & Vino,NA
4,2822,Boucherie West Village,NA
4,2824,Olio e Piú,NA
4,2826,L'Artusi,NA
4,2828,Rafele,NA
4,2830,Little Owl,NA
4,2831,Bleecker Street Pizza,NA
4,2833,Via Carota,NA
4,2834,Joseph Leonard,NA
4,2838,Kesté Pizza & Vino,NA
4,2841,Sevilla,NA
4,2842,Fedora,NA
4,2843,Don Angie,NA
4,2844,Jeffrey's Grocery,NA
4,2845,Decoy,NA
4,2848,I Sodi - Italian Restaurant,NA
4,2849,High Street on Hudson,NA
4,2851,Joe's Pizza,NA
4,2853,Corner Bistro,NA
4,2854,Taïm,NA
4,2855,Sushi Nakazawa,NA
4,2856,Strip House,NA
4,2858,The Beatrice Inn,NA
4,2859,Takashi,NA
4,2860,Extra Virgin,NA
4,2862,Palma,NA
4,2864,Tartine,NA
4,2865,Hudson Clearwater,NA
4,2867,Le Gigot,NA
4,2868,Trattoria Pesce Pasta,NA
4,2869,Pearl Oyster Bar,NA
4,2870,Empellon Taqueria,NA
4,2871,The Clam,NA
4,2872,Mary's Fish Camp,NA
4,2873,The Loyal,NA
4,2875,Sant Ambroeus West Village,NA
4,2877,EN Japanese Brasserie,NA
4,2887,Saxon + Parole,NA
4,2897,Narcissa,NA
4,2905,Estela,NA
4,2916,Emilio's Ballato,NA
4,2917,The Musket Room,NA
4,2924,Burger & Barrel,NA
4,2941,Momofuku Noodle Bar,NA
4,2943,Hearth,NA
4,2945,Veselka,NA
4,2947,Jeepney,NA
4,2962,Mighty Quinn's Barbeque,NA
4,2966,Takahachi,NA
4,2968,Narcissa,NA
4,2973,S'MAC East Village,NA
4,2976,Motorino,NA
4,2980,Joe & Pat’s NYC,NA
4,2990,Ducks Eatery,NA
4,2992,Saxon + Parole,NA
4,2995,Thursday Kitchen,NA
4,2998,Luzzo's La Pizza Napoletana,NA
4,2999,Virginia's,NA
4,3000,Smør,NA
4,3015,Jack's Wife Freda,NA
4,3026,Burger & Barrel,NA
4,3027,La Esquina - SoHo,NA
4,3062,Seamore's Nolita,NA
4,3065,Peasant,NA
4,3066,Pasquale Jones,NA
4,3067,Rubirosa,NA
4,3068,Taïm,NA
4,3070,Estela,NA
4,3072,La Esquina - SoHo,NA
4,3074,Ruby's Cafe,NA
4,3078,Emilio's Ballato,NA
4,3080,Sal's little italy,NA
4,3084,The Butcher's Daughter,NA
4,3087,Cocoron,NA
4,3088,The Musket Room,NA
4,3100,Shoo Shoo Nolita,NA
4,3104,Lombardi's Pizza,NA
4,3106,Piacere,NA
4,3113,Jack's Wife Freda,NA
4,3120,Pepe Rosso Social,NA
4,3127,The Fat Radish,NA
4,3131,Kiki's,NA
4,3135,Les Enfants de Bohème,NA
4,3143,Jajaja Plantas Mexicana,NA
4,3146,Souvlaki GR,NA
4,3155,Dimes,NA
4,3162,Cocoron,NA
4,3175,Petisco Vegano,NA
4,3187,Pepe Rosso Social,NA
4,3194,Piacere,NA
4,3203,Aux Epices,NA
4,3221,Sal's little italy,NA
4,3222,Pasquale Jones,NA
4,3224,Rubirosa,NA
4,3228,Seamore's Nolita,NA
4,3229,Peasant,NA
4,3236,The Butcher's Daughter,NA
4,3237,Shoo Shoo Nolita,NA
4,3239,Lombardi's Pizza,NA
4,3249,Takahachi,NA
4,3264,atera,NA
4,3271,Sarabeth's,NA
4,3282,Gran Morsi,NA
4,3290,Poke' Bar,NA
4,3291,1803 NYC,NA
4,3292,Benares,NA
4,3294,Wolfgang's Steakhouse,NA
4,3296,The Palm - Tribeca,NA
4,3301,Nom Wah Tea Parlor,NA
4,3304,Shanghai 21,NA
4,3306,Peking Duck House,NA
4,3307,Jing Fong,NA
4,3311,Lalito,NA
4,3312,Nha Trang One,NA
4,3315,Hwa Yuan Szechuan 華園,NA
4,3319,Thái Sơn,NA
4,3321,Dimes,NA
4,3325,Ping,NA
4,3326,Aux Epices,NA
4,3329,Bodhi Kosher Vegetarian Restaurant,NA
4,3332,Dim Sum Go Go,NA
4,3341,The Fat Radish,NA
4,3342,Nha Trang Centre,NA
4,3354,Pulqueria,NA
4,3355,Hop Shing,NA
4,3360,Asian Spicy Curry (pop-up),NA
4,3361,Luna Pizza,NA
4,3362,Temple Court,NA
4,3363,Da Claudio,NA
4,3365,Shanghai 21,NA
4,3366,Gran Morsi,NA
4,3369,Augustine,NA
4,3372,Lalito,NA
4,3373,Bodhi Kosher Vegetarian Restaurant,NA
4,3378,Asian Spicy Curry (pop-up),NA
4,3381,Poke' Bar,NA
4,3384,Pisillo Italian Panini,NA
4,3385,The Wooly Public,NA
4,3388,Ping,NA
4,3390,Pulqueria,NA
4,3391,Benares,NA
4,3394,T-Swirl Crepe,NA
4,3397,Famous Calabria Pizza,NA
4,3399,Nha Trang One,NA
4,3403,Nha Trang Centre,NA
4,3409,Nom Wah Tea Parlor,NA
4,3410,Thái Sơn,NA
4,3411,atera,NA
4,3413,Peking Duck House,NA
4,3417,1803 NYC,NA
4,3420,Hop Shing,NA
4,3422,Les Enfants de Bohème,NA
4,3423,Petisco Vegano,NA
4,3442,Famous Calabria Pizza,NA
4,3449,Kiki's,NA
4,3450,Jajaja Plantas Mexicana,NA
4,3460,Luna Pizza,NA
4,3461,Checkers,NA
4,3463,Cowgirl SeaHorse,NA
4,3465,T-Swirl Crepe,NA
4,3469,Hwa Yuan Szechuan 華園,NA
4,3477,Dim Sum Go Go,NA
4,3504,Mighty Quinn's Barbeque,NA
4,3517,The Palm - Tribeca,NA
4,3519,Morton's The Steakhouse,NA
4,3526,Bill's Bar & Burger,NA
4,3528,O'Hara's,NA
4,3529,Schilling,NA
4,3530,George's,NA
4,3533,Sauce & Barrel,NA
4,3535,Osteria della Pace,NA
4,3538,Trinity Place,NA
4,3539,The Grotto Pizzeria,NA
4,3541,Augustine,NA
4,3545,Trinity Place,NA
4,3546,Pisillo Italian Panini,NA
4,3548,Temple Court,NA
4,3551,O'Hara's,NA
4,3556,Da Claudio,NA
4,3558,Cowgirl SeaHorse,NA
4,3559,Schilling,NA
4,3565,George's,NA
4,3574,The Wooly Public,NA
4,3579,Sauce & Barrel,NA
4,3581,Morton's The Steakhouse,NA
4,3585,Osteria della Pace,NA
4,3586,The Grotto Pizzeria,NA
4,3598,Bill's Bar & Burger,NA
5,304,NA,RedFarm
5,987,NA,RedFarm
5,1128,NA,Two Hands
5,1404,NA,Two Hands
5,1453,NA,Two Hands
5,2104,RedFarm,NA
5,2785,RedFarm,NA
5,2880,RedFarm,NA
5,3204,Two Hands,NA
5,3253,Two Hands,NA
6,159,NA,Maxwell's
6,215,NA,sweetgreen
6,269,NA,Maxwell's
6,351,NA,Tarallucci e Vino
6,367,NA,Flex Mussels
6,378,NA,Boqueria
6,385,NA,Quality Eats
6,399,NA,Sant Ambroeus
6,403,NA,The Meatball Shop
6,412,NA,Tony's Di Napoli
6,445,NA,The Meatball Shop
6,494,NA,Tony's Di Napoli
6,547,NA,Tony's Di Napoli
6,712,NA,The Meatball Shop
6,747,NA,Boqueria
6,753,NA,Tacombi
6,771,NA,Blue Smoke
6,831,NA,Blue Smoke
6,943,NA,Tarallucci e Vino
6,970,NA,Quality Eats
6,996,NA,Flex Mussels
6,1035,NA,Flex Mussels
6,1048,NA,Quality Eats
6,1102,NA,sweetgreen
6,1121,NA,Le Pain Quotidien
6,1131,NA,Tacombi
6,1178,NA,Tarallucci e Vino
6,1210,NA,Boqueria
6,1259,NA,Sant Ambroeus
6,1276,NA,Tacombi
6,1307,NA,Sant Ambroeus
6,1313,NA,sweetgreen
6,1347,NA,Mission Chinese Food
6,1365,NA,Kopitiam
6,1406,NA,Forlini's
6,1503,NA,Wo Hop
6,1508,NA,Chinese Tuxedo
6,1510,NA,The Original Buddha Bodai Kosher Vegetarian Restaurant 🥬 佛菩提
6,1523,NA,Forlini's
6,1535,NA,Kopitiam
6,1536,NA,Hop Lee
6,1547,NA,Mission Chinese Food
6,1568,NA,Chinese Tuxedo
6,1569,NA,Maxwell's
6,1574,NA,Wo Hop
6,1586,NA,The Original Buddha Bodai Kosher Vegetarian Restaurant 🥬 佛菩提
6,1589,NA,Forlini's
6,1594,NA,Hop Lee
6,1625,NA,Kopitiam
6,1631,NA,Mission Chinese Food
6,1656,NA,Wo Hop
6,1672,NA,Chinese Tuxedo
6,1677,NA,The Original Buddha Bodai Kosher Vegetarian Restaurant 🥬 佛菩提
6,1678,NA,Hop Lee
6,1689,NA,Blue Smoke
6,1695,NA,Le Pain Quotidien
6,1701,NA,Le Pain Quotidien
6,1959,Maxwell's,NA
6,2015,sweetgreen,NA
6,2067,Maxwell's,NA
6,2151,Tarallucci e Vino,NA
6,2168,Flex Mussels,NA
6,2178,Boqueria,NA
6,2190,Quality Eats,NA
6,2200,Sant Ambroeus,NA
6,2204,The Meatball Shop,NA
6,2211,Tony's Di Napoli,NA
6,2245,The Meatball Shop,NA
6,2294,Tony's Di Napoli,NA
6,2346,Tony's Di Napoli,NA
6,2512,The Meatball Shop,NA
6,2547,Boqueria,NA
6,2553,Tacombi,NA
6,2571,Blue Smoke,NA
6,2631,Blue Smoke,NA
6,2743,Tarallucci e Vino,NA
6,2769,Quality Eats,NA
6,2796,Flex Mussels,NA
6,2835,Flex Mussels,NA
6,2847,Quality Eats,NA
6,2902,sweetgreen,NA
6,2920,Le Pain Quotidien,NA
6,2928,Tacombi,NA
6,2979,Tarallucci e Vino,NA
6,3010,Boqueria,NA
6,3059,Sant Ambroeus,NA
6,3075,Tacombi,NA
6,3107,Sant Ambroeus,NA
6,3114,sweetgreen,NA
6,3149,Mission Chinese Food,NA
6,3166,Kopitiam,NA
6,3206,Forlini's,NA
6,3303,Wo Hop,NA
6,3308,Chinese Tuxedo,NA
6,3310,The Original Buddha Bodai Kosher Vegetarian Restaurant 🥬 佛菩提,NA
6,3323,Forlini's,NA
6,3336,Kopitiam,NA
6,3337,Hop Lee,NA
6,3348,Mission Chinese Food,NA
6,3368,Chinese Tuxedo,NA
6,3370,Maxwell's,NA
6,3375,Wo Hop,NA
6,3386,The Original Buddha Bodai Kosher Vegetarian Restaurant 🥬 佛菩提,NA
6,3389,Forlini's,NA
6,3393,Hop Lee,NA
6,3425,Kopitiam,NA
6,3429,Mission Chinese Food,NA
6,3456,Wo Hop,NA
6,3470,Chinese Tuxedo,NA
6,3474,The Original Buddha Bodai Kosher Vegetarian Restaurant 🥬 佛菩提,NA
6,3475,Hop Lee,NA
6,3489,Blue Smoke,NA
6,3495,Le Pain Quotidien,NA
6,3501,Le Pain Quotidien,NA
8,198,NA,Dig
8,319,NA,Parm
8,561,NA,Beyond Sushi
8,702,NA,Beyond Sushi
8,772,NA,CAVA
8,775,NA,CAVA
8,776,NA,Dig
8,859,NA,Beyond Sushi
8,890,NA,CAVA
8,1122,NA,Dig
8,1262,NA,Parm
8,1285,NA,CAVA
8,1290,NA,Beyond Sushi
8,1434,NA,Parm
8,1694,NA,Parm
8,1708,NA,Dig
8,1998,Dig,NA
8,2119,Parm,NA
8,2360,Beyond Sushi,NA
8,2503,Beyond Sushi,NA
8,2572,CAVA,NA
8,2575,Dig,NA
8,2576,CAVA,NA
8,2659,Beyond Sushi,NA
8,2690,CAVA,NA
8,2921,Dig,NA
8,3063,Parm,NA
8,3085,CAVA,NA
8,3090,Beyond Sushi,NA
8,3233,Parm,NA
8,3494,Parm,NA
8,3508,Dig,NA
10,212,NA,Shake Shack
10,349,NA,Shake Shack
10,761,NA,Shake Shack
10,1573,NA,Shake Shack
10,1697,NA,Shake Shack
10,2011,Shake Shack,NA
10,2149,Shake Shack,NA
10,2562,Shake Shack,NA
10,3374,Shake Shack,NA
10,3497,Shake Shack,NA
12,221,NA,Chipotle Mexican Grill
12,828,NA,Chipotle Mexican Grill
12,910,NA,Chipotle Mexican Grill
12,1139,NA,Chipotle Mexican Grill
12,1601,NA,Chipotle Mexican Grill
12,1705,NA,Chipotle Mexican Grill
12,2021,Chipotle Mexican Grill,NA
12,2628,Chipotle Mexican Grill,NA
12,2710,Chipotle Mexican Grill,NA
12,2937,Chipotle Mexican Grill,NA
12,3400,Chipotle Mexican Grill,NA
12,3505,Chipotle Mexican Grill,NA
